STATIC_USERID,res.status,res.timings.duration,message,documentId,signId
29367fb4-e2cd-4eab-aa58-20fd360fff0c,200,377.2515,Success,ce67c7be-d7ee-4f49-ab57-d0c238030169,oAB6O5MYV-nNJj-AwqvdQQ==
29367fb4-e2cd-4eab-aa58-20fd360fff0c,200,429.6056,Success,5fbd00eb-ce15-4b94-99ae-340b47b7d4ef,qkAHayvxlxqbYK40CorLaw==
29367fb4-e2cd-4eab-aa58-20fd360fff0c,200,436.0606,Success,1ddd3abd-40f4-480a-ab55-33c3d891ac8e,GoG5aGzKtqUxkVecg-sYMA==
29367fb4-e2cd-4eab-aa58-20fd360fff0c,200,451.727,Success,a4f60b2a-f781-4a70-aed0-656e18173263,KVhKZtlKR4oGPpxjJlH6tA==
29367fb4-e2cd-4eab-aa58-20fd360fff0c,200,454.4781,Success,c6faaa0e-e71f-440e-b44f-a1ff121146bf,CsI7OHjROr-wDTwin7k6EA==
29367fb4-e2cd-4eab-aa58-20fd360fff0c,200,469.9735,Success,f085b816-160a-4d60-8226-cf8a30bedae2,oKcCsHs89CvxE8HHFGikBw==
29367fb4-e2cd-4eab-aa58-20fd360fff0c,200,475.9012,Success,5278215f-4321-47d7-906e-76dde87f5f61,9lezmsAnI4j6GWE0KQwd-Q==
29367fb4-e2cd-4eab-aa58-20fd360fff0c,200,480.7154,Success,b639e388-0f63-404f-af20-f742b76f2e28,pDAAVz8mI5VNcY5bOfwTpQ==
29367fb4-e2cd-4eab-aa58-20fd360fff0c,200,488.1978,Success,3843f04b-52fd-4002-a86d-99e4340dd3e9,_T9iRy-Jka1OdvBoPBL3zQ==
29367fb4-e2cd-4eab-aa58-20fd360fff0c,200,504.4192,Success,c9e5cf89-0fc2-4ddf-854f-66426bceeb7d,Ohh34R6mikY-oXCfh04V5Q==
29367fb4-e2cd-4eab-aa58-20fd360fff0c,200,220.5246,Success,b2dfde99-b4ab-4b7b-94a1-f347b20f84bc,WoTUjJ3Vzlaaq5P20a190Q==
29367fb4-e2cd-4eab-aa58-20fd360fff0c,200,255.2404,Success,9bff9c6d-bf1e-4b8a-8978-58cd789f0069,55As5JNZybpI-ok2dnrhsg==
29367fb4-e2cd-4eab-aa58-20fd360fff0c,200,250.4294,Success,0576d60c-3d8a-42db-9ee7-18f70cb3759c,ezbY4R_F9QwZbBIEnpLxrg==
29367fb4-e2cd-4eab-aa58-20fd360fff0c,200,251.288,Success,4f1e4d43-0bc3-49d2-ad10-37e7225825cb,9_i-nKIc8ZnBHxQbThO_yg==
29367fb4-e2cd-4eab-aa58-20fd360fff0c,200,278.4343,Success,29cb130c-6da1-489c-9136-e0b1d3e06292,lTvz7L648mrQ5VE_lmnimg==
29367fb4-e2cd-4eab-aa58-20fd360fff0c,200,279.6536,Success,2d5d0190-4082-44d9-bcdd-a76f9e36007b,qPi_3-VVWrNeXM_Z3ZoLKA==
29367fb4-e2cd-4eab-aa58-20fd360fff0c,200,245.57,Success,cf41a043-a84d-492f-8c6a-e86329266351,PGxkPb0PxALLFbuPUAh0og==
29367fb4-e2cd-4eab-aa58-20fd360fff0c,200,248.4705,Success,f463af85-bab5-4b0f-9d2e-5c835bb4c979,mAQjtT9lxC9B50dexzLW9Q==
29367fb4-e2cd-4eab-aa58-20fd360fff0c,200,284.7422,Success,d7a862f9-19ac-439d-8ab3-82ebaecb204f,pPYIvUUKu5RF4RNb0yemKg==
29367fb4-e2cd-4eab-aa58-20fd360fff0c,200,286.7686,Success,44f5614f-e4e0-41c0-9b74-40df85dc0fd4,BFpYqKB_slYDWDWL4dxVtw==
29367fb4-e2cd-4eab-aa58-20fd360fff0c,200,244.1239,Success,4341407e-0455-49b5-b77d-abe455dbf68c,66-l0Z7Bux6YPUGyrIdOOw==
29367fb4-e2cd-4eab-aa58-20fd360fff0c,200,267.8686,Success,224d0a0f-bfc0-49e8-b638-fbd41abfd450,6DiU6yJo2rHDCJpSo2hhog==
29367fb4-e2cd-4eab-aa58-20fd360fff0c,200,264.9882,Success,322aef9f-9884-49bd-a5a6-96b9a91a719b,3i5TNKgFuMqdKbz12vvweA==
29367fb4-e2cd-4eab-aa58-20fd360fff0c,200,261.8657,Success,50bd1982-6900-498e-b089-ed3251547294,CR82tezBU5YkBy3RNp6wGw==
29367fb4-e2cd-4eab-aa58-20fd360fff0c,200,254.1134,Success,328fe449-61f9-496d-8fcd-b1670b711f84,tHykdSFo-XOMUKgFdG69oQ==
29367fb4-e2cd-4eab-aa58-20fd360fff0c,200,240.7289,Success,f8518aaf-a9e5-436a-929d-e4db012b0c6c,3OWWrAtRgsv66G-MqfO8lg==
29367fb4-e2cd-4eab-aa58-20fd360fff0c,200,254.427,Success,42c007d9-5143-483e-afaa-e73cc3398989,x3YYDXyqZVmZRjq6JKSGuA==
29367fb4-e2cd-4eab-aa58-20fd360fff0c,200,262.9042,Success,c7ffa8ca-7296-4bec-a04c-30d4c9430853,IBwb5ol0NtnX673fqsUr6w==
29367fb4-e2cd-4eab-aa58-20fd360fff0c,200,260.1455,Success,f7011407-691e-4744-b0e0-d0c9725afcfc,kmqX-v9X7H85in4oM7NlAg==
29367fb4-e2cd-4eab-aa58-20fd360fff0c,200,256.1727,Success,15e93ed2-6572-4219-9122-31655f5eafa0,w9aTpvjVNY7O37T5a4MOFg==
29367fb4-e2cd-4eab-aa58-20fd360fff0c,200,289.4222,Success,0c5482d6-d145-4d49-876a-ea085cd6002a,2FxjTiXLP_afJ2gyWOGHRw==
29367fb4-e2cd-4eab-aa58-20fd360fff0c,200,253.3906,Success,a8f67b2d-c3cd-4605-8c79-cf895ee1a61c,TELSPoHzNLEFQ4sUQFpdyQ==
29367fb4-e2cd-4eab-aa58-20fd360fff0c,200,294.6213,Success,5d030775-f4ee-494f-ae5a-e04742646d84,FtUZ_7BQwBXdPiLLexnjOw==
29367fb4-e2cd-4eab-aa58-20fd360fff0c,200,236.1595,Success,ac45c823-7eef-4972-865d-3e12144ea5b4,rAu6KxyfVPzH78cTwLvekg==
29367fb4-e2cd-4eab-aa58-20fd360fff0c,200,288.2189,Success,ed8ed932-0df5-4205-9621-00b82015022d,WFxoGZagP4WY_mp9I-R2hA==
29367fb4-e2cd-4eab-aa58-20fd360fff0c,200,327.8789,Success,e596a929-61fe-4def-b946-d9c98f8eda59,xrVtKrbkACyG4QeYk4cXcQ==
29367fb4-e2cd-4eab-aa58-20fd360fff0c,200,283.3111,Success,6aa92b68-9231-4ad7-b3d1-9d9b21aa281b,lbHygRuptE-sLjiAdXbyOg==
29367fb4-e2cd-4eab-aa58-20fd360fff0c,200,229.0255,Success,bd816f4e-146a-487f-b63d-aff664c22e74,IvuM2FYaj39Ype5cM3NnsQ==
29367fb4-e2cd-4eab-aa58-20fd360fff0c,200,252.7972,Success,4a383a1b-9abc-4944-99b7-22b8a428be00,4liyKR7-1D-lNwqLqlpOPg==
29367fb4-e2cd-4eab-aa58-20fd360fff0c,200,270.2936,Success,464c32ea-2e37-44cd-a3e6-7d69c76cd8a5,Fa-jVNzMJ4Qqs0NolTZyow==
29367fb4-e2cd-4eab-aa58-20fd360fff0c,200,243.0851,Success,64113a11-0807-4457-8fd8-55806b127020,JNI34fx4HfK7tnl3UsugzA==
29367fb4-e2cd-4eab-aa58-20fd360fff0c,200,268.4094,Success,8ae326b8-632e-4cef-a574-4affecd9827c,2BmBcHGIdRCLvd3aEMvwYg==
29367fb4-e2cd-4eab-aa58-20fd360fff0c,200,282.7467,Success,3ba98abb-cf72-4dbd-b0cf-17401b058de8,OjFipf3jyaiWeOtE5Hd5iQ==
29367fb4-e2cd-4eab-aa58-20fd360fff0c,200,238.6885,Success,ff6d2e68-167e-4b2f-8508-17db4ccb43ef,jFAICKqXcsQrx3BHznjYOA==
29367fb4-e2cd-4eab-aa58-20fd360fff0c,200,246.4827,Success,d4ea94e4-7b10-4c29-b556-6a6488fc9f54,M00a2-y-RDJHmfSlfRmvPA==
29367fb4-e2cd-4eab-aa58-20fd360fff0c,200,236.7297,Success,081d795e-3b04-4be9-867a-61b8c724e45e,pWIVdE5uWwwLtiMEi8m8fw==
29367fb4-e2cd-4eab-aa58-20fd360fff0c,200,247.3083,Success,eddd9fbc-1142-4d4f-96ce-23d66dc954b4,drgpMLFkEOtFE-5YMjdLcQ==
29367fb4-e2cd-4eab-aa58-20fd360fff0c,200,249.2165,Success,121c30a3-9738-493f-8e4e-2458127fcf41,-m2Wov5k32uTStIhJyQpkQ==
29367fb4-e2cd-4eab-aa58-20fd360fff0c,200,243.8803,Success,28d04e21-cf65-4118-bbfc-d9ad0e085c82,MInLY8lyqwrU_2vdUaCnyQ==
29367fb4-e2cd-4eab-aa58-20fd360fff0c,200,247.5103,Success,6c7dc020-40bf-4955-b296-4de8d26cf06c,g5eBFZc-fmwFQhjrJpX8gQ==
29367fb4-e2cd-4eab-aa58-20fd360fff0c,200,254.5388,Success,871ea431-86b5-4aa9-9448-f44b5017b23b,UKnjYKggtdRYReMrz2iPFA==
29367fb4-e2cd-4eab-aa58-20fd360fff0c,200,290.4257,Success,da10dd36-9e8c-484d-b632-094561fe7140,YlN1HiKSHvBEwKiZ6JIjSg==
29367fb4-e2cd-4eab-aa58-20fd360fff0c,200,270.9375,Success,4c454f64-82ac-48c8-8bbf-5bdddbd59d8a,65-WcbZc9OX2Cee6HgddzA==
29367fb4-e2cd-4eab-aa58-20fd360fff0c,200,307.2959,Success,c909e56e-5811-4f79-8951-aa52c3c2d3f7,zgEXoQCcNVtb4GCKGLNuag==
29367fb4-e2cd-4eab-aa58-20fd360fff0c,200,330.7209,Success,1a37cab0-13c7-44dd-8abb-3590a9f21379,b2Y2oKY9NZDNRxEv1zt7hA==
29367fb4-e2cd-4eab-aa58-20fd360fff0c,200,328.3599,Success,f0bd9253-8e29-4b61-b024-55cd77228bf1,GINY734bse7co_Vu8pKH3g==
29367fb4-e2cd-4eab-aa58-20fd360fff0c,200,299.9264,Success,3bd55f12-4e95-4303-bfb9-6f1f731ec896,kOw_FjMtKEicvq03Wz1mEQ==
29367fb4-e2cd-4eab-aa58-20fd360fff0c,200,283.4176,Success,b8a8fa58-4d30-457f-8ed0-6c96811f5446,GHfMiZtnu3jn0TX_zVyMdQ==
29367fb4-e2cd-4eab-aa58-20fd360fff0c,200,224.5818,Success,88fd2011-d7fc-4e6c-9632-31fcc558e68c,uK7G9sS7RMB16e9qxjMwQw==
29367fb4-e2cd-4eab-aa58-20fd360fff0c,200,229.025,Success,17f0b987-b852-4029-b5cd-7c2a770aec88,yGPwymfrUGRLiRf7vNcbsA==
29367fb4-e2cd-4eab-aa58-20fd360fff0c,200,245.635,Success,aef5e168-794a-4693-8dac-b647faf588a6,rJuC43Ac-55FAFovfC271g==
29367fb4-e2cd-4eab-aa58-20fd360fff0c,200,241.5084,Success,be89f55b-7f64-46da-b1f3-c06ff845f9d6,vUGPNhIgui6QbUe-TLzGng==
29367fb4-e2cd-4eab-aa58-20fd360fff0c,200,244.486,Success,ef1dcb08-5a25-444b-a444-f49f96294f11,xQp0vtHfy1I0D48auhPTpw==
29367fb4-e2cd-4eab-aa58-20fd360fff0c,200,264.4968,Success,35569a99-756d-4f4f-9dd6-72482326888c,3gjCez6CDsxBLawkJa11nQ==
29367fb4-e2cd-4eab-aa58-20fd360fff0c,200,216.7011,Success,addcb42e-0b09-4968-8a66-16cccfacda5c,QevmpHigvUkg2QOjpkzAbw==
29367fb4-e2cd-4eab-aa58-20fd360fff0c,200,226.4826,Success,b1ebf26c-3707-49d5-b4f6-001c05b6f837,-CLMBzyIfU14h0pwQ40drQ==
29367fb4-e2cd-4eab-aa58-20fd360fff0c,200,230.4376,Success,3b007d96-578d-473a-aee5-bbe0863fd275,osCYgDHUE90PW_SLKVizNg==
29367fb4-e2cd-4eab-aa58-20fd360fff0c,200,255.772,Success,14a51cb7-d604-41f9-a2df-e1a1b45a0c15,wUD_KPlewRUNDl3oc4LT8g==
29367fb4-e2cd-4eab-aa58-20fd360fff0c,200,233.876,Success,40414975-eca2-40a5-8e07-f9af6622f0c5,ScOi_f4CBhoKxHoCSV6lAQ==
29367fb4-e2cd-4eab-aa58-20fd360fff0c,200,238.7826,Success,eff4b350-bf33-490e-946e-04497bf57cfe,YFO2Cj2yswTOoUlsaVrMAg==
29367fb4-e2cd-4eab-aa58-20fd360fff0c,200,243.3401,Success,9236777b-2f55-40b4-be55-d2e1e95b04e1,NQioMecLadVQKBRxC7Z4Mg==
29367fb4-e2cd-4eab-aa58-20fd360fff0c,200,248.2295,Success,f472f351-ed37-4682-bbbe-1c99f91a8341,vReiqOAig87-Q-8ukBDjgw==
29367fb4-e2cd-4eab-aa58-20fd360fff0c,200,257.626,Success,a7076a67-36b3-4583-bd2e-ec08a8efdbd3,aulcwMwhukVXMSETOSmSIA==
29367fb4-e2cd-4eab-aa58-20fd360fff0c,200,247.7578,Success,67c41ec2-04cf-4de2-9d9c-d7b312d55538,H9vQe0_MqKtmWNI-U-46xg==
29367fb4-e2cd-4eab-aa58-20fd360fff0c,200,283.3593,Success,15fe3235-497d-4ddf-8cab-59b8b3158ff6,E8MTBNWojS3gG8GDLBQzFw==
29367fb4-e2cd-4eab-aa58-20fd360fff0c,200,280.2709,Success,494d5fbe-45cf-44e9-99d9-321c7fabf5f3,6e6eKjQWlrhev0Qoi_t-qQ==
29367fb4-e2cd-4eab-aa58-20fd360fff0c,200,258.3127,Success,cbc1505d-dd92-4d92-85b2-7f0c362a57e1,GPs1ROZGSit73LO8fEl8Ag==
29367fb4-e2cd-4eab-aa58-20fd360fff0c,200,228.0231,Success,ade80cbd-f1cf-4b0b-a799-d5de058d6db7,Z43CQsXgzD-emgcPwqJ8YA==
29367fb4-e2cd-4eab-aa58-20fd360fff0c,200,251.7505,Success,71072c32-d06a-4f25-bc3e-8e555a4296d1,pJIIeMNVTgJdTyCT-fTE0g==
29367fb4-e2cd-4eab-aa58-20fd360fff0c,200,225.8049,Success,0c600a40-1232-476b-8975-236f0c9914c8,vi5_vG14Qk1rmDuhtbvxsg==
29367fb4-e2cd-4eab-aa58-20fd360fff0c,200,222.5297,Success,a424227c-aefb-472d-b429-ef8c3e5f30d4,h6ZztuyGzSba56YBLkCYEw==
29367fb4-e2cd-4eab-aa58-20fd360fff0c,200,235.9406,Success,9706a922-c264-45d4-9dc3-9e1a8c2c8704,gVUgqogkbpWZZwGHTJWNoQ==
29367fb4-e2cd-4eab-aa58-20fd360fff0c,200,262.5736,Success,3d99b048-e20f-4967-b773-72c797bdd520,1CdrF4lJ3lGj2OM5anvL9w==
29367fb4-e2cd-4eab-aa58-20fd360fff0c,200,254.3258,Success,5b4bff66-9b9b-4c2e-98e8-470ed097eb8f,4JIPQO8LzDxPYEw5YxP7DA==
29367fb4-e2cd-4eab-aa58-20fd360fff0c,200,259.9242,Success,ff5a2bc8-c3a6-4905-82fe-f7b11af0d5f7,uBoAQ0vOM8X_1uEytfcV5Q==
29367fb4-e2cd-4eab-aa58-20fd360fff0c,200,301.9352,Success,dab6fece-3dac-41fe-8708-83ac03d6c67c,4gOHayJ4x65lVA4L5Lkw1Q==
29367fb4-e2cd-4eab-aa58-20fd360fff0c,200,352.428,Success,bebbfaa6-842c-412c-83eb-052e8caa40f4,eA1Uq3ebkZjAmFLvNVjY6w==
29367fb4-e2cd-4eab-aa58-20fd360fff0c,200,338.2922,Success,6041a0f0-456a-4755-a4d3-3851721bcc4b,GCW_eVpLox8ABwev2kI3cg==
29367fb4-e2cd-4eab-aa58-20fd360fff0c,200,293.8741,Success,37c51ea2-eb85-4dfa-8c70-6d183d1cc89c,Tb7ZZdQzRdRXmEDoRW7pfg==
29367fb4-e2cd-4eab-aa58-20fd360fff0c,200,308.4892,Success,c7a4bcb8-89f3-477b-9b7b-98bba68e3d65,tCJnss7IbGlwgXT70BZI-w==
29367fb4-e2cd-4eab-aa58-20fd360fff0c,200,298.068,Success,19c0b2cb-4a04-4fb5-b2b5-6cc5b20c3dda,uAc2-UgHk1xE909OcX_vNg==
29367fb4-e2cd-4eab-aa58-20fd360fff0c,200,227.0528,Success,efb5751e-35dc-488b-b3e8-bb4509beedeb,tHyTt0160-RXz6T0iRcWow==
29367fb4-e2cd-4eab-aa58-20fd360fff0c,200,245.686,Success,4c9e65a3-7200-4756-b125-1408d627b4a2,QoDEqtvUyyRvOqQBho6DUQ==
29367fb4-e2cd-4eab-aa58-20fd360fff0c,200,240.6912,Success,11883f1e-df98-4324-a9b9-c97a03dd3a5a,1h7ac73j9HZfv4PfEdmfLw==
29367fb4-e2cd-4eab-aa58-20fd360fff0c,200,263.8462,Success,b9b03cae-35c2-435c-8b66-9cab58890561,srueEVSVCIGqXanTbUO6uw==
29367fb4-e2cd-4eab-aa58-20fd360fff0c,200,252.9069,Success,89e97679-d319-4ac5-8e0b-b3a444e2afc3,cloqu7hAwCD98JvOxIFiCA==
29367fb4-e2cd-4eab-aa58-20fd360fff0c,200,221.9115,Success,a5f7f3b5-d22b-4326-aa85-403e2e7ad10c,oq0Smx3mFMFszq_WQ1q2Ig==
29367fb4-e2cd-4eab-aa58-20fd360fff0c,200,238.1886,Success,c33ae3e6-981e-486e-8d52-58c817910c58,I9bS8NHnDBuxMj2P7ygL7g==
29367fb4-e2cd-4eab-aa58-20fd360fff0c,200,252.2866,Success,ff4f893a-3db9-4c6e-87bb-dc7d4a5bac62,CsDAP3JA9uCTi4AX6k2aJw==
29367fb4-e2cd-4eab-aa58-20fd360fff0c,200,284.9415,Success,5990a384-644f-485a-92d7-b0767f8de1fd,voOHl4cmyU9NXvswfrjSrw==
29367fb4-e2cd-4eab-aa58-20fd360fff0c,200,240.715,Success,5f3e19cc-99f3-4d7f-a54b-3fbe6839c492,D9DVRqNVJCu0Dv0n88lqiw==
29367fb4-e2cd-4eab-aa58-20fd360fff0c,200,265.1457,Success,5d44e6f4-d7e4-4cdc-a288-74a5579e289c,w2A9lkky6CDCmHX3rkegmQ==
29367fb4-e2cd-4eab-aa58-20fd360fff0c,200,263.4561,Success,4cdc3980-6812-4185-825f-f2555256d255,4oNKWZ627FO1OchdAJQoKw==
29367fb4-e2cd-4eab-aa58-20fd360fff0c,200,256.9249,Success,a5b80f5a-14cd-4db7-8e29-c4e55e7a28bd,fd9H5diUoQsVmFLwRr-ACA==
29367fb4-e2cd-4eab-aa58-20fd360fff0c,200,248.8159,Success,ade9125c-846a-4c99-9ef1-75560caba3e1,aI1L_11pJ3iMI5T3VOSDqw==
29367fb4-e2cd-4eab-aa58-20fd360fff0c,200,233.9709,Success,f499ef10-1a90-41aa-9155-dce1334b7e1b,o2VIwHgbMptfKKOXHVvKYQ==
29367fb4-e2cd-4eab-aa58-20fd360fff0c,200,249.6254,Success,a6d9b137-c764-4524-8a88-dfde5aebeacd,UwK8WBC2bt7SLsJWOJg0Hg==
29367fb4-e2cd-4eab-aa58-20fd360fff0c,200,242.4797,Success,2c4123a7-584b-4bc3-acae-c2c1d31c7573,sRISvVT3yh--Addxh7vs6A==
29367fb4-e2cd-4eab-aa58-20fd360fff0c,200,256.4965,Success,1c62c5a1-2bc0-425f-99bd-e91766b10f56,2gIvoyldUj5vvagmycDV3A==
29367fb4-e2cd-4eab-aa58-20fd360fff0c,200,250.2641,Success,c533f043-8167-4129-a1a7-0cc7c367c2b5,cfB2RPgfNkr7Et3gvaUqxw==
29367fb4-e2cd-4eab-aa58-20fd360fff0c,200,243.9115,Success,e053676c-0e0f-4d5d-9741-894358713fea,Blbdzqvf8sYq4gtROfU_Gg==
