bintang.users7102@yopmail.com,Bintang Regis 7201,3000000000007101,01-01-2001,Surabaya,0
bintang.users7103@yopmail.com,Bintang Regis 7202,3000000000007102,01-01-2001,Surabaya,0
bintang.users7104@yopmail.com,Bintang Regis 7203,3000000000007103,01-01-2001,Surabaya,0
bintang.users7105@yopmail.com,Bintang Regis 7204,3000000000007104,01-01-2001,Surabaya,0
bintang.users7106@yopmail.com,Bintang Regis 7205,3000000000007105,01-01-2001,Surabaya,0
bintang.users7107@yopmail.com,Bintang Regis 7206,3000000000007106,01-01-2001,Surabaya,0
bintang.users7108@yopmail.com,Bintang Regis 7207,3000000000007107,01-01-2001,Surabaya,0
bintang.users7109@yopmail.com,Bintang Regis 7208,3000000000007108,01-01-2001,Surabaya,0
bintang.users7110@yopmail.com,Bintang Regis 7209,3000000000007109,01-01-2001,Surabaya,0
bintang.users7111@yopmail.com,Bintang Regis 7210,3000000000007110,01-01-2001,Surabaya,0
bintang.users7112@yopmail.com,Bintang Regis 7211,3000000000007111,01-01-2001,Surabaya,0
bintang.users7113@yopmail.com,Bintang Regis 7212,3000000000007112,01-01-2001,Surabaya,0
bintang.users7114@yopmail.com,Bintang Regis 7213,3000000000007113,01-01-2001,Surabaya,0
bintang.users7115@yopmail.com,Bintang Regis 7214,3000000000007114,01-01-2001,Surabaya,0
bintang.users7116@yopmail.com,Bintang Regis 7215,3000000000007115,01-01-2001,Surabaya,0
bintang.users7117@yopmail.com,Bintang Regis 7216,3000000000007116,01-01-2001,Surabaya,0
bintang.users7118@yopmail.com,Bintang Regis 7217,3000000000007117,01-01-2001,Surabaya,0
bintang.users7119@yopmail.com,Bintang Regis 7218,3000000000007118,01-01-2001,Surabaya,0
bintang.users7120@yopmail.com,Bintang Regis 7219,3000000000007119,01-01-2001,Surabaya,0
bintang.users7121@yopmail.com,Bintang Regis 7220,3000000000007120,01-01-2001,Surabaya,0
bintang.users7122@yopmail.com,Bintang Regis 7221,3000000000007121,01-01-2001,Surabaya,0
bintang.users7123@yopmail.com,Bintang Regis 7222,3000000000007122,01-01-2001,Surabaya,0
bintang.users7124@yopmail.com,Bintang Regis 7223,3000000000007123,01-01-2001,Surabaya,0
bintang.users7125@yopmail.com,Bintang Regis 7224,3000000000007124,01-01-2001,Surabaya,0
bintang.users7126@yopmail.com,Bintang Regis 7225,3000000000007125,01-01-2001,Surabaya,0
bintang.users7127@yopmail.com,Bintang Regis 7226,3000000000007126,01-01-2001,Surabaya,0
bintang.users7128@yopmail.com,Bintang Regis 7227,3000000000007127,01-01-2001,Surabaya,0
bintang.users7129@yopmail.com,Bintang Regis 7228,3000000000007128,01-01-2001,Surabaya,0
bintang.users7130@yopmail.com,Bintang Regis 7229,3000000000007129,01-01-2001,Surabaya,0
bintang.users7131@yopmail.com,Bintang Regis 7230,3000000000007130,01-01-2001,Surabaya,0
bintang.users7132@yopmail.com,Bintang Regis 7231,3000000000007131,01-01-2001,Surabaya,0
bintang.users7133@yopmail.com,Bintang Regis 7232,3000000000007132,01-01-2001,Surabaya,0
bintang.users7134@yopmail.com,Bintang Regis 7233,3000000000007133,01-01-2001,Surabaya,0
bintang.users7135@yopmail.com,Bintang Regis 7234,3000000000007134,01-01-2001,Surabaya,0
bintang.users7136@yopmail.com,Bintang Regis 7235,3000000000007135,01-01-2001,Surabaya,0
bintang.users7137@yopmail.com,Bintang Regis 7236,3000000000007136,01-01-2001,Surabaya,0
bintang.users7138@yopmail.com,Bintang Regis 7237,3000000000007137,01-01-2001,Surabaya,0
bintang.users7139@yopmail.com,Bintang Regis 7238,3000000000007138,01-01-2001,Surabaya,0
bintang.users7140@yopmail.com,Bintang Regis 7239,3000000000007139,01-01-2001,Surabaya,0
bintang.users7141@yopmail.com,Bintang Regis 7240,3000000000007140,01-01-2001,Surabaya,0
bintang.users7142@yopmail.com,Bintang Regis 7241,3000000000007141,01-01-2001,Surabaya,0
bintang.users7143@yopmail.com,Bintang Regis 7242,3000000000007142,01-01-2001,Surabaya,0
bintang.users7144@yopmail.com,Bintang Regis 7243,3000000000007143,01-01-2001,Surabaya,0
bintang.users7145@yopmail.com,Bintang Regis 7244,3000000000007144,01-01-2001,Surabaya,0
bintang.users7146@yopmail.com,Bintang Regis 7245,3000000000007145,01-01-2001,Surabaya,0
bintang.users7147@yopmail.com,Bintang Regis 7246,3000000000007146,01-01-2001,Surabaya,0
bintang.users7148@yopmail.com,Bintang Regis 7247,3000000000007147,01-01-2001,Surabaya,0
bintang.users7149@yopmail.com,Bintang Regis 7248,3000000000007148,01-01-2001,Surabaya,0
bintang.users7150@yopmail.com,Bintang Regis 7249,3000000000007149,01-01-2001,Surabaya,0
bintang.users7151@yopmail.com,Bintang Regis 7250,3000000000007150,01-01-2001,Surabaya,0
bintang.users7152@yopmail.com,Bintang Regis 7251,3000000000007151,01-01-2001,Surabaya,0
bintang.users7153@yopmail.com,Bintang Regis 7252,3000000000007152,01-01-2001,Surabaya,0
bintang.users7154@yopmail.com,Bintang Regis 7253,3000000000007153,01-01-2001,Surabaya,0
bintang.users7155@yopmail.com,Bintang Regis 7254,3000000000007154,01-01-2001,Surabaya,0
bintang.users7156@yopmail.com,Bintang Regis 7255,3000000000007155,01-01-2001,Surabaya,0
bintang.users7157@yopmail.com,Bintang Regis 7256,3000000000007156,01-01-2001,Surabaya,0
bintang.users7158@yopmail.com,Bintang Regis 7257,3000000000007157,01-01-2001,Surabaya,0
bintang.users7159@yopmail.com,Bintang Regis 7258,3000000000007158,01-01-2001,Surabaya,0
bintang.users7160@yopmail.com,Bintang Regis 7259,3000000000007159,01-01-2001,Surabaya,0
bintang.users7161@yopmail.com,Bintang Regis 7260,3000000000007160,01-01-2001,Surabaya,0
bintang.users7162@yopmail.com,Bintang Regis 7261,3000000000007161,01-01-2001,Surabaya,0
bintang.users7163@yopmail.com,Bintang Regis 7262,3000000000007162,01-01-2001,Surabaya,0
bintang.users7164@yopmail.com,Bintang Regis 7263,3000000000007163,01-01-2001,Surabaya,0
bintang.users7165@yopmail.com,Bintang Regis 7264,3000000000007164,01-01-2001,Surabaya,0
bintang.users7166@yopmail.com,Bintang Regis 7265,3000000000007165,01-01-2001,Surabaya,0
bintang.users7167@yopmail.com,Bintang Regis 7266,3000000000007166,01-01-2001,Surabaya,0
bintang.users7168@yopmail.com,Bintang Regis 7267,3000000000007167,01-01-2001,Surabaya,0
bintang.users7169@yopmail.com,Bintang Regis 7268,3000000000007168,01-01-2001,Surabaya,0
bintang.users7170@yopmail.com,Bintang Regis 7269,3000000000007169,01-01-2001,Surabaya,0
bintang.users7171@yopmail.com,Bintang Regis 7270,3000000000007170,01-01-2001,Surabaya,0
bintang.users7172@yopmail.com,Bintang Regis 7271,3000000000007171,01-01-2001,Surabaya,0
bintang.users7173@yopmail.com,Bintang Regis 7272,3000000000007172,01-01-2001,Surabaya,0
bintang.users7174@yopmail.com,Bintang Regis 7273,3000000000007173,01-01-2001,Surabaya,0
bintang.users7175@yopmail.com,Bintang Regis 7274,3000000000007174,01-01-2001,Surabaya,0
bintang.users7176@yopmail.com,Bintang Regis 7275,3000000000007175,01-01-2001,Surabaya,0
bintang.users7177@yopmail.com,Bintang Regis 7276,3000000000007176,01-01-2001,Surabaya,0
bintang.users7178@yopmail.com,Bintang Regis 7277,3000000000007177,01-01-2001,Surabaya,0
bintang.users7179@yopmail.com,Bintang Regis 7278,3000000000007178,01-01-2001,Surabaya,0
bintang.users7180@yopmail.com,Bintang Regis 7279,3000000000007179,01-01-2001,Surabaya,0
bintang.users7181@yopmail.com,Bintang Regis 7280,3000000000007180,01-01-2001,Surabaya,0
bintang.users7182@yopmail.com,Bintang Regis 7281,3000000000007181,01-01-2001,Surabaya,0
bintang.users7183@yopmail.com,Bintang Regis 7282,3000000000007182,01-01-2001,Surabaya,0
bintang.users7184@yopmail.com,Bintang Regis 7283,3000000000007183,01-01-2001,Surabaya,0
bintang.users7185@yopmail.com,Bintang Regis 7284,3000000000007184,01-01-2001,Surabaya,0
bintang.users7186@yopmail.com,Bintang Regis 7285,3000000000007185,01-01-2001,Surabaya,0
bintang.users7187@yopmail.com,Bintang Regis 7286,3000000000007186,01-01-2001,Surabaya,0
bintang.users7188@yopmail.com,Bintang Regis 7287,3000000000007187,01-01-2001,Surabaya,0
bintang.users7189@yopmail.com,Bintang Regis 7288,3000000000007188,01-01-2001,Surabaya,0
bintang.users7190@yopmail.com,Bintang Regis 7289,3000000000007189,01-01-2001,Surabaya,0
bintang.users7191@yopmail.com,Bintang Regis 7290,3000000000007190,01-01-2001,Surabaya,0
bintang.users7192@yopmail.com,Bintang Regis 7291,3000000000007191,01-01-2001,Surabaya,0
bintang.users7193@yopmail.com,Bintang Regis 7292,3000000000007192,01-01-2001,Surabaya,0
bintang.users7194@yopmail.com,Bintang Regis 7293,3000000000007193,01-01-2001,Surabaya,0
bintang.users7195@yopmail.com,Bintang Regis 7294,3000000000007194,01-01-2001,Surabaya,0
bintang.users7196@yopmail.com,Bintang Regis 7295,3000000000007195,01-01-2001,Surabaya,0
bintang.users7197@yopmail.com,Bintang Regis 7296,3000000000007196,01-01-2001,Surabaya,0
bintang.users7198@yopmail.com,Bintang Regis 7297,3000000000007197,01-01-2001,Surabaya,0
bintang.users7199@yopmail.com,Bintang Regis 7298,3000000000007198,01-01-2001,Surabaya,0
bintang.users7200@yopmail.com,Bintang Regis 7299,3000000000007199,01-01-2001,Surabaya,0
bintang.users7201@yopmail.com,Bintang Regis 7300,3000000000007200,01-01-2001,Surabaya,0
bintang.users7202@yopmail.com,Bintang Regis 7301,3000000000007201,01-01-2001,Surabaya,0
bintang.users7203@yopmail.com,Bintang Regis 7302,3000000000007202,01-01-2001,Surabaya,0
bintang.users7204@yopmail.com,Bintang Regis 7303,3000000000007203,01-01-2001,Surabaya,0
bintang.users7205@yopmail.com,Bintang Regis 7304,3000000000007204,01-01-2001,Surabaya,0
bintang.users7206@yopmail.com,Bintang Regis 7305,3000000000007205,01-01-2001,Surabaya,0
bintang.users7207@yopmail.com,Bintang Regis 7306,3000000000007206,01-01-2001,Surabaya,0
bintang.users7208@yopmail.com,Bintang Regis 7307,3000000000007207,01-01-2001,Surabaya,0
bintang.users7209@yopmail.com,Bintang Regis 7308,3000000000007208,01-01-2001,Surabaya,0
bintang.users7210@yopmail.com,Bintang Regis 7309,3000000000007209,01-01-2001,Surabaya,0
bintang.users7211@yopmail.com,Bintang Regis 7310,3000000000007210,01-01-2001,Surabaya,0
bintang.users7212@yopmail.com,Bintang Regis 7311,3000000000007211,01-01-2001,Surabaya,0
bintang.users7213@yopmail.com,Bintang Regis 7312,3000000000007212,01-01-2001,Surabaya,0
bintang.users7214@yopmail.com,Bintang Regis 7313,3000000000007213,01-01-2001,Surabaya,0
bintang.users7215@yopmail.com,Bintang Regis 7314,3000000000007214,01-01-2001,Surabaya,0
bintang.users7216@yopmail.com,Bintang Regis 7315,3000000000007215,01-01-2001,Surabaya,0
bintang.users7217@yopmail.com,Bintang Regis 7316,3000000000007216,01-01-2001,Surabaya,0
bintang.users7218@yopmail.com,Bintang Regis 7317,3000000000007217,01-01-2001,Surabaya,0
bintang.users7219@yopmail.com,Bintang Regis 7318,3000000000007218,01-01-2001,Surabaya,0
bintang.users7220@yopmail.com,Bintang Regis 7319,3000000000007219,01-01-2001,Surabaya,0
bintang.users7221@yopmail.com,Bintang Regis 7320,3000000000007220,01-01-2001,Surabaya,0
bintang.users7222@yopmail.com,Bintang Regis 7321,3000000000007221,01-01-2001,Surabaya,0
bintang.users7223@yopmail.com,Bintang Regis 7322,3000000000007222,01-01-2001,Surabaya,0
bintang.users7224@yopmail.com,Bintang Regis 7323,3000000000007223,01-01-2001,Surabaya,0
bintang.users7225@yopmail.com,Bintang Regis 7324,3000000000007224,01-01-2001,Surabaya,0
bintang.users7226@yopmail.com,Bintang Regis 7325,3000000000007225,01-01-2001,Surabaya,0
bintang.users7227@yopmail.com,Bintang Regis 7326,3000000000007226,01-01-2001,Surabaya,0
bintang.users7228@yopmail.com,Bintang Regis 7327,3000000000007227,01-01-2001,Surabaya,0
bintang.users7229@yopmail.com,Bintang Regis 7328,3000000000007228,01-01-2001,Surabaya,0
bintang.users7230@yopmail.com,Bintang Regis 7329,3000000000007229,01-01-2001,Surabaya,0
bintang.users7231@yopmail.com,Bintang Regis 7330,3000000000007230,01-01-2001,Surabaya,0
bintang.users7232@yopmail.com,Bintang Regis 7331,3000000000007231,01-01-2001,Surabaya,0
bintang.users7233@yopmail.com,Bintang Regis 7332,3000000000007232,01-01-2001,Surabaya,0
bintang.users7234@yopmail.com,Bintang Regis 7333,3000000000007233,01-01-2001,Surabaya,0
bintang.users7235@yopmail.com,Bintang Regis 7334,3000000000007234,01-01-2001,Surabaya,0
bintang.users7236@yopmail.com,Bintang Regis 7335,3000000000007235,01-01-2001,Surabaya,0
bintang.users7237@yopmail.com,Bintang Regis 7336,3000000000007236,01-01-2001,Surabaya,0
bintang.users7238@yopmail.com,Bintang Regis 7337,3000000000007237,01-01-2001,Surabaya,0
bintang.users7239@yopmail.com,Bintang Regis 7338,3000000000007238,01-01-2001,Surabaya,0
bintang.users7240@yopmail.com,Bintang Regis 7339,3000000000007239,01-01-2001,Surabaya,0
bintang.users7241@yopmail.com,Bintang Regis 7340,3000000000007240,01-01-2001,Surabaya,0
bintang.users7242@yopmail.com,Bintang Regis 7341,3000000000007241,01-01-2001,Surabaya,0
bintang.users7243@yopmail.com,Bintang Regis 7342,3000000000007242,01-01-2001,Surabaya,0
bintang.users7244@yopmail.com,Bintang Regis 7343,3000000000007243,01-01-2001,Surabaya,0
bintang.users7245@yopmail.com,Bintang Regis 7344,3000000000007244,01-01-2001,Surabaya,0
bintang.users7246@yopmail.com,Bintang Regis 7345,3000000000007245,01-01-2001,Surabaya,0
bintang.users7247@yopmail.com,Bintang Regis 7346,3000000000007246,01-01-2001,Surabaya,0
bintang.users7248@yopmail.com,Bintang Regis 7347,3000000000007247,01-01-2001,Surabaya,0
bintang.users7249@yopmail.com,Bintang Regis 7348,3000000000007248,01-01-2001,Surabaya,0
bintang.users7250@yopmail.com,Bintang Regis 7349,3000000000007249,01-01-2001,Surabaya,0
bintang.users7251@yopmail.com,Bintang Regis 7350,3000000000007250,01-01-2001,Surabaya,0
bintang.users7252@yopmail.com,Bintang Regis 7351,3000000000007251,01-01-2001,Surabaya,0
bintang.users7253@yopmail.com,Bintang Regis 7352,3000000000007252,01-01-2001,Surabaya,0
bintang.users7254@yopmail.com,Bintang Regis 7353,3000000000007253,01-01-2001,Surabaya,0
bintang.users7255@yopmail.com,Bintang Regis 7354,3000000000007254,01-01-2001,Surabaya,0
bintang.users7256@yopmail.com,Bintang Regis 7355,3000000000007255,01-01-2001,Surabaya,0
bintang.users7257@yopmail.com,Bintang Regis 7356,3000000000007256,01-01-2001,Surabaya,0
bintang.users7258@yopmail.com,Bintang Regis 7357,3000000000007257,01-01-2001,Surabaya,0
bintang.users7259@yopmail.com,Bintang Regis 7358,3000000000007258,01-01-2001,Surabaya,0
bintang.users7260@yopmail.com,Bintang Regis 7359,3000000000007259,01-01-2001,Surabaya,0
bintang.users7261@yopmail.com,Bintang Regis 7360,3000000000007260,01-01-2001,Surabaya,0
bintang.users7262@yopmail.com,Bintang Regis 7361,3000000000007261,01-01-2001,Surabaya,0
bintang.users7263@yopmail.com,Bintang Regis 7362,3000000000007262,01-01-2001,Surabaya,0
bintang.users7264@yopmail.com,Bintang Regis 7363,3000000000007263,01-01-2001,Surabaya,0
bintang.users7265@yopmail.com,Bintang Regis 7364,3000000000007264,01-01-2001,Surabaya,0
bintang.users7266@yopmail.com,Bintang Regis 7365,3000000000007265,01-01-2001,Surabaya,0
bintang.users7267@yopmail.com,Bintang Regis 7366,3000000000007266,01-01-2001,Surabaya,0
bintang.users7268@yopmail.com,Bintang Regis 7367,3000000000007267,01-01-2001,Surabaya,0
bintang.users7269@yopmail.com,Bintang Regis 7368,3000000000007268,01-01-2001,Surabaya,0
bintang.users7270@yopmail.com,Bintang Regis 7369,3000000000007269,01-01-2001,Surabaya,0
bintang.users7271@yopmail.com,Bintang Regis 7370,3000000000007270,01-01-2001,Surabaya,0
bintang.users7272@yopmail.com,Bintang Regis 7371,3000000000007271,01-01-2001,Surabaya,0
bintang.users7273@yopmail.com,Bintang Regis 7372,3000000000007272,01-01-2001,Surabaya,0
bintang.users7274@yopmail.com,Bintang Regis 7373,3000000000007273,01-01-2001,Surabaya,0
bintang.users7275@yopmail.com,Bintang Regis 7374,3000000000007274,01-01-2001,Surabaya,0
bintang.users7276@yopmail.com,Bintang Regis 7375,3000000000007275,01-01-2001,Surabaya,0
bintang.users7277@yopmail.com,Bintang Regis 7376,3000000000007276,01-01-2001,Surabaya,0
bintang.users7278@yopmail.com,Bintang Regis 7377,3000000000007277,01-01-2001,Surabaya,0
bintang.users7279@yopmail.com,Bintang Regis 7378,3000000000007278,01-01-2001,Surabaya,0
bintang.users7280@yopmail.com,Bintang Regis 7379,3000000000007279,01-01-2001,Surabaya,0
bintang.users7281@yopmail.com,Bintang Regis 7380,3000000000007280,01-01-2001,Surabaya,0
bintang.users7282@yopmail.com,Bintang Regis 7381,3000000000007281,01-01-2001,Surabaya,0
bintang.users7283@yopmail.com,Bintang Regis 7382,3000000000007282,01-01-2001,Surabaya,0
bintang.users7284@yopmail.com,Bintang Regis 7383,3000000000007283,01-01-2001,Surabaya,0
bintang.users7285@yopmail.com,Bintang Regis 7384,3000000000007284,01-01-2001,Surabaya,0
bintang.users7286@yopmail.com,Bintang Regis 7385,3000000000007285,01-01-2001,Surabaya,0
bintang.users7287@yopmail.com,Bintang Regis 7386,3000000000007286,01-01-2001,Surabaya,0
bintang.users7288@yopmail.com,Bintang Regis 7387,3000000000007287,01-01-2001,Surabaya,0
bintang.users7289@yopmail.com,Bintang Regis 7388,3000000000007288,01-01-2001,Surabaya,0
bintang.users7290@yopmail.com,Bintang Regis 7389,3000000000007289,01-01-2001,Surabaya,0
bintang.users7291@yopmail.com,Bintang Regis 7390,3000000000007290,01-01-2001,Surabaya,0
bintang.users7292@yopmail.com,Bintang Regis 7391,3000000000007291,01-01-2001,Surabaya,0
bintang.users7293@yopmail.com,Bintang Regis 7392,3000000000007292,01-01-2001,Surabaya,0
bintang.users7294@yopmail.com,Bintang Regis 7393,3000000000007293,01-01-2001,Surabaya,0
bintang.users7295@yopmail.com,Bintang Regis 7394,3000000000007294,01-01-2001,Surabaya,0
bintang.users7296@yopmail.com,Bintang Regis 7395,3000000000007295,01-01-2001,Surabaya,0
bintang.users7297@yopmail.com,Bintang Regis 7396,3000000000007296,01-01-2001,Surabaya,0
bintang.users7298@yopmail.com,Bintang Regis 7397,3000000000007297,01-01-2001,Surabaya,0
bintang.users7299@yopmail.com,Bintang Regis 7398,3000000000007298,01-01-2001,Surabaya,0
bintang.users7300@yopmail.com,Bintang Regis 7399,3000000000007299,01-01-2001,Surabaya,0
bintang.users7301@yopmail.com,Bintang Regis 7400,3000000000007300,01-01-2001,Surabaya,0
bintang.users7302@yopmail.com,Bintang Regis 7401,3000000000007301,01-01-2001,Surabaya,0
bintang.users7303@yopmail.com,Bintang Regis 7402,3000000000007302,01-01-2001,Surabaya,0
bintang.users7304@yopmail.com,Bintang Regis 7403,3000000000007303,01-01-2001,Surabaya,0
bintang.users7305@yopmail.com,Bintang Regis 7404,3000000000007304,01-01-2001,Surabaya,0
bintang.users7306@yopmail.com,Bintang Regis 7405,3000000000007305,01-01-2001,Surabaya,0
bintang.users7307@yopmail.com,Bintang Regis 7406,3000000000007306,01-01-2001,Surabaya,0
bintang.users7308@yopmail.com,Bintang Regis 7407,3000000000007307,01-01-2001,Surabaya,0
bintang.users7309@yopmail.com,Bintang Regis 7408,3000000000007308,01-01-2001,Surabaya,0
bintang.users7310@yopmail.com,Bintang Regis 7409,3000000000007309,01-01-2001,Surabaya,0
bintang.users7311@yopmail.com,Bintang Regis 7410,3000000000007310,01-01-2001,Surabaya,0
bintang.users7312@yopmail.com,Bintang Regis 7411,3000000000007311,01-01-2001,Surabaya,0
bintang.users7313@yopmail.com,Bintang Regis 7412,3000000000007312,01-01-2001,Surabaya,0
bintang.users7314@yopmail.com,Bintang Regis 7413,3000000000007313,01-01-2001,Surabaya,0
bintang.users7315@yopmail.com,Bintang Regis 7414,3000000000007314,01-01-2001,Surabaya,0
bintang.users7316@yopmail.com,Bintang Regis 7415,3000000000007315,01-01-2001,Surabaya,0
bintang.users7317@yopmail.com,Bintang Regis 7416,3000000000007316,01-01-2001,Surabaya,0
bintang.users7318@yopmail.com,Bintang Regis 7417,3000000000007317,01-01-2001,Surabaya,0
bintang.users7319@yopmail.com,Bintang Regis 7418,3000000000007318,01-01-2001,Surabaya,0
bintang.users7320@yopmail.com,Bintang Regis 7419,3000000000007319,01-01-2001,Surabaya,0
bintang.users7321@yopmail.com,Bintang Regis 7420,3000000000007320,01-01-2001,Surabaya,0
bintang.users7322@yopmail.com,Bintang Regis 7421,3000000000007321,01-01-2001,Surabaya,0
bintang.users7323@yopmail.com,Bintang Regis 7422,3000000000007322,01-01-2001,Surabaya,0
bintang.users7324@yopmail.com,Bintang Regis 7423,3000000000007323,01-01-2001,Surabaya,0
bintang.users7325@yopmail.com,Bintang Regis 7424,3000000000007324,01-01-2001,Surabaya,0
bintang.users7326@yopmail.com,Bintang Regis 7425,3000000000007325,01-01-2001,Surabaya,0
bintang.users7327@yopmail.com,Bintang Regis 7426,3000000000007326,01-01-2001,Surabaya,0
bintang.users7328@yopmail.com,Bintang Regis 7427,3000000000007327,01-01-2001,Surabaya,0
bintang.users7329@yopmail.com,Bintang Regis 7428,3000000000007328,01-01-2001,Surabaya,0
bintang.users7330@yopmail.com,Bintang Regis 7429,3000000000007329,01-01-2001,Surabaya,0
bintang.users7331@yopmail.com,Bintang Regis 7430,3000000000007330,01-01-2001,Surabaya,0
bintang.users7332@yopmail.com,Bintang Regis 7431,3000000000007331,01-01-2001,Surabaya,0
bintang.users7333@yopmail.com,Bintang Regis 7432,3000000000007332,01-01-2001,Surabaya,0
bintang.users7334@yopmail.com,Bintang Regis 7433,3000000000007333,01-01-2001,Surabaya,0
bintang.users7335@yopmail.com,Bintang Regis 7434,3000000000007334,01-01-2001,Surabaya,0
bintang.users7336@yopmail.com,Bintang Regis 7435,3000000000007335,01-01-2001,Surabaya,0
bintang.users7337@yopmail.com,Bintang Regis 7436,3000000000007336,01-01-2001,Surabaya,0
bintang.users7338@yopmail.com,Bintang Regis 7437,3000000000007337,01-01-2001,Surabaya,0
bintang.users7339@yopmail.com,Bintang Regis 7438,3000000000007338,01-01-2001,Surabaya,0
bintang.users7340@yopmail.com,Bintang Regis 7439,3000000000007339,01-01-2001,Surabaya,0
bintang.users7341@yopmail.com,Bintang Regis 7440,3000000000007340,01-01-2001,Surabaya,0
bintang.users7342@yopmail.com,Bintang Regis 7441,3000000000007341,01-01-2001,Surabaya,0
bintang.users7343@yopmail.com,Bintang Regis 7442,3000000000007342,01-01-2001,Surabaya,0
bintang.users7344@yopmail.com,Bintang Regis 7443,3000000000007343,01-01-2001,Surabaya,0
bintang.users7345@yopmail.com,Bintang Regis 7444,3000000000007344,01-01-2001,Surabaya,0
bintang.users7346@yopmail.com,Bintang Regis 7445,3000000000007345,01-01-2001,Surabaya,0
bintang.users7347@yopmail.com,Bintang Regis 7446,3000000000007346,01-01-2001,Surabaya,0
bintang.users7348@yopmail.com,Bintang Regis 7447,3000000000007347,01-01-2001,Surabaya,0
bintang.users7349@yopmail.com,Bintang Regis 7448,3000000000007348,01-01-2001,Surabaya,0
bintang.users7350@yopmail.com,Bintang Regis 7449,3000000000007349,01-01-2001,Surabaya,0
bintang.users7351@yopmail.com,Bintang Regis 7450,3000000000007350,01-01-2001,Surabaya,0
bintang.users7352@yopmail.com,Bintang Regis 7451,3000000000007351,01-01-2001,Surabaya,0
bintang.users7353@yopmail.com,Bintang Regis 7452,3000000000007352,01-01-2001,Surabaya,0
bintang.users7354@yopmail.com,Bintang Regis 7453,3000000000007353,01-01-2001,Surabaya,0
bintang.users7355@yopmail.com,Bintang Regis 7454,3000000000007354,01-01-2001,Surabaya,0
bintang.users7356@yopmail.com,Bintang Regis 7455,3000000000007355,01-01-2001,Surabaya,0
bintang.users7357@yopmail.com,Bintang Regis 7456,3000000000007356,01-01-2001,Surabaya,0
bintang.users7358@yopmail.com,Bintang Regis 7457,3000000000007357,01-01-2001,Surabaya,0
bintang.users7359@yopmail.com,Bintang Regis 7458,3000000000007358,01-01-2001,Surabaya,0
bintang.users7360@yopmail.com,Bintang Regis 7459,3000000000007359,01-01-2001,Surabaya,0
bintang.users7361@yopmail.com,Bintang Regis 7460,3000000000007360,01-01-2001,Surabaya,0
bintang.users7362@yopmail.com,Bintang Regis 7461,3000000000007361,01-01-2001,Surabaya,0
bintang.users7363@yopmail.com,Bintang Regis 7462,3000000000007362,01-01-2001,Surabaya,0
bintang.users7364@yopmail.com,Bintang Regis 7463,3000000000007363,01-01-2001,Surabaya,0
bintang.users7365@yopmail.com,Bintang Regis 7464,3000000000007364,01-01-2001,Surabaya,0
bintang.users7366@yopmail.com,Bintang Regis 7465,3000000000007365,01-01-2001,Surabaya,0
bintang.users7367@yopmail.com,Bintang Regis 7466,3000000000007366,01-01-2001,Surabaya,0
bintang.users7368@yopmail.com,Bintang Regis 7467,3000000000007367,01-01-2001,Surabaya,0
bintang.users7369@yopmail.com,Bintang Regis 7468,3000000000007368,01-01-2001,Surabaya,0
bintang.users7370@yopmail.com,Bintang Regis 7469,3000000000007369,01-01-2001,Surabaya,0
bintang.users7371@yopmail.com,Bintang Regis 7470,3000000000007370,01-01-2001,Surabaya,0
bintang.users7372@yopmail.com,Bintang Regis 7471,3000000000007371,01-01-2001,Surabaya,0
bintang.users7373@yopmail.com,Bintang Regis 7472,3000000000007372,01-01-2001,Surabaya,0
bintang.users7374@yopmail.com,Bintang Regis 7473,3000000000007373,01-01-2001,Surabaya,0
bintang.users7375@yopmail.com,Bintang Regis 7474,3000000000007374,01-01-2001,Surabaya,0
bintang.users7376@yopmail.com,Bintang Regis 7475,3000000000007375,01-01-2001,Surabaya,0
bintang.users7377@yopmail.com,Bintang Regis 7476,3000000000007376,01-01-2001,Surabaya,0
bintang.users7378@yopmail.com,Bintang Regis 7477,3000000000007377,01-01-2001,Surabaya,0
bintang.users7379@yopmail.com,Bintang Regis 7478,3000000000007378,01-01-2001,Surabaya,0
bintang.users7380@yopmail.com,Bintang Regis 7479,3000000000007379,01-01-2001,Surabaya,0
bintang.users7381@yopmail.com,Bintang Regis 7480,3000000000007380,01-01-2001,Surabaya,0
bintang.users7382@yopmail.com,Bintang Regis 7481,3000000000007381,01-01-2001,Surabaya,0
bintang.users7383@yopmail.com,Bintang Regis 7482,3000000000007382,01-01-2001,Surabaya,0
bintang.users7384@yopmail.com,Bintang Regis 7483,3000000000007383,01-01-2001,Surabaya,0
bintang.users7385@yopmail.com,Bintang Regis 7484,3000000000007384,01-01-2001,Surabaya,0
bintang.users7386@yopmail.com,Bintang Regis 7485,3000000000007385,01-01-2001,Surabaya,0
bintang.users7387@yopmail.com,Bintang Regis 7486,3000000000007386,01-01-2001,Surabaya,0
bintang.users7388@yopmail.com,Bintang Regis 7487,3000000000007387,01-01-2001,Surabaya,0
bintang.users7389@yopmail.com,Bintang Regis 7488,3000000000007388,01-01-2001,Surabaya,0
bintang.users7390@yopmail.com,Bintang Regis 7489,3000000000007389,01-01-2001,Surabaya,0
bintang.users7391@yopmail.com,Bintang Regis 7490,3000000000007390,01-01-2001,Surabaya,0
bintang.users7392@yopmail.com,Bintang Regis 7491,3000000000007391,01-01-2001,Surabaya,0
bintang.users7393@yopmail.com,Bintang Regis 7492,3000000000007392,01-01-2001,Surabaya,0
bintang.users7394@yopmail.com,Bintang Regis 7493,3000000000007393,01-01-2001,Surabaya,0
bintang.users7395@yopmail.com,Bintang Regis 7494,3000000000007394,01-01-2001,Surabaya,0
bintang.users7396@yopmail.com,Bintang Regis 7495,3000000000007395,01-01-2001,Surabaya,0
bintang.users7397@yopmail.com,Bintang Regis 7496,3000000000007396,01-01-2001,Surabaya,0
bintang.users7398@yopmail.com,Bintang Regis 7497,3000000000007397,01-01-2001,Surabaya,0
bintang.users7399@yopmail.com,Bintang Regis 7498,3000000000007398,01-01-2001,Surabaya,0
bintang.users7400@yopmail.com,Bintang Regis 7499,3000000000007399,01-01-2001,Surabaya,0
bintang.users7401@yopmail.com,Bintang Regis 7500,3000000000007400,01-01-2001,Surabaya,0
bintang.users7402@yopmail.com,Bintang Regis 7501,3000000000007401,01-01-2001,Surabaya,0
bintang.users7403@yopmail.com,Bintang Regis 7502,3000000000007402,01-01-2001,Surabaya,0
bintang.users7404@yopmail.com,Bintang Regis 7503,3000000000007403,01-01-2001,Surabaya,0
bintang.users7405@yopmail.com,Bintang Regis 7504,3000000000007404,01-01-2001,Surabaya,0
bintang.users7406@yopmail.com,Bintang Regis 7505,3000000000007405,01-01-2001,Surabaya,0
bintang.users7407@yopmail.com,Bintang Regis 7506,3000000000007406,01-01-2001,Surabaya,0
bintang.users7408@yopmail.com,Bintang Regis 7507,3000000000007407,01-01-2001,Surabaya,0
bintang.users7409@yopmail.com,Bintang Regis 7508,3000000000007408,01-01-2001,Surabaya,0
bintang.users7410@yopmail.com,Bintang Regis 7509,3000000000007409,01-01-2001,Surabaya,0
bintang.users7411@yopmail.com,Bintang Regis 7510,3000000000007410,01-01-2001,Surabaya,0
bintang.users7412@yopmail.com,Bintang Regis 7511,3000000000007411,01-01-2001,Surabaya,0
bintang.users7413@yopmail.com,Bintang Regis 7512,3000000000007412,01-01-2001,Surabaya,0
bintang.users7414@yopmail.com,Bintang Regis 7513,3000000000007413,01-01-2001,Surabaya,0
bintang.users7415@yopmail.com,Bintang Regis 7514,3000000000007414,01-01-2001,Surabaya,0
bintang.users7416@yopmail.com,Bintang Regis 7515,3000000000007415,01-01-2001,Surabaya,0
bintang.users7417@yopmail.com,Bintang Regis 7516,3000000000007416,01-01-2001,Surabaya,0
bintang.users7418@yopmail.com,Bintang Regis 7517,3000000000007417,01-01-2001,Surabaya,0
bintang.users7419@yopmail.com,Bintang Regis 7518,3000000000007418,01-01-2001,Surabaya,0
bintang.users7420@yopmail.com,Bintang Regis 7519,3000000000007419,01-01-2001,Surabaya,0
bintang.users7421@yopmail.com,Bintang Regis 7520,3000000000007420,01-01-2001,Surabaya,0
bintang.users7422@yopmail.com,Bintang Regis 7521,3000000000007421,01-01-2001,Surabaya,0
bintang.users7423@yopmail.com,Bintang Regis 7522,3000000000007422,01-01-2001,Surabaya,0
bintang.users7424@yopmail.com,Bintang Regis 7523,3000000000007423,01-01-2001,Surabaya,0
bintang.users7425@yopmail.com,Bintang Regis 7524,3000000000007424,01-01-2001,Surabaya,0
bintang.users7426@yopmail.com,Bintang Regis 7525,3000000000007425,01-01-2001,Surabaya,0
bintang.users7427@yopmail.com,Bintang Regis 7526,3000000000007426,01-01-2001,Surabaya,0
bintang.users7428@yopmail.com,Bintang Regis 7527,3000000000007427,01-01-2001,Surabaya,0
bintang.users7429@yopmail.com,Bintang Regis 7528,3000000000007428,01-01-2001,Surabaya,0
bintang.users7430@yopmail.com,Bintang Regis 7529,3000000000007429,01-01-2001,Surabaya,0
bintang.users7431@yopmail.com,Bintang Regis 7530,3000000000007430,01-01-2001,Surabaya,0
bintang.users7432@yopmail.com,Bintang Regis 7531,3000000000007431,01-01-2001,Surabaya,0
bintang.users7433@yopmail.com,Bintang Regis 7532,3000000000007432,01-01-2001,Surabaya,0
bintang.users7434@yopmail.com,Bintang Regis 7533,3000000000007433,01-01-2001,Surabaya,0
bintang.users7435@yopmail.com,Bintang Regis 7534,3000000000007434,01-01-2001,Surabaya,0
bintang.users7436@yopmail.com,Bintang Regis 7535,3000000000007435,01-01-2001,Surabaya,0
bintang.users7437@yopmail.com,Bintang Regis 7536,3000000000007436,01-01-2001,Surabaya,0
bintang.users7438@yopmail.com,Bintang Regis 7537,3000000000007437,01-01-2001,Surabaya,0
bintang.users7439@yopmail.com,Bintang Regis 7538,3000000000007438,01-01-2001,Surabaya,0
bintang.users7440@yopmail.com,Bintang Regis 7539,3000000000007439,01-01-2001,Surabaya,0
bintang.users7441@yopmail.com,Bintang Regis 7540,3000000000007440,01-01-2001,Surabaya,0
bintang.users7442@yopmail.com,Bintang Regis 7541,3000000000007441,01-01-2001,Surabaya,0
bintang.users7443@yopmail.com,Bintang Regis 7542,3000000000007442,01-01-2001,Surabaya,0
bintang.users7444@yopmail.com,Bintang Regis 7543,3000000000007443,01-01-2001,Surabaya,0
bintang.users7445@yopmail.com,Bintang Regis 7544,3000000000007444,01-01-2001,Surabaya,0
bintang.users7446@yopmail.com,Bintang Regis 7545,3000000000007445,01-01-2001,Surabaya,0
bintang.users7447@yopmail.com,Bintang Regis 7546,3000000000007446,01-01-2001,Surabaya,0
bintang.users7448@yopmail.com,Bintang Regis 7547,3000000000007447,01-01-2001,Surabaya,0
bintang.users7449@yopmail.com,Bintang Regis 7548,3000000000007448,01-01-2001,Surabaya,0
bintang.users7450@yopmail.com,Bintang Regis 7549,3000000000007449,01-01-2001,Surabaya,0
bintang.users7451@yopmail.com,Bintang Regis 7550,3000000000007450,01-01-2001,Surabaya,0
bintang.users7452@yopmail.com,Bintang Regis 7551,3000000000007451,01-01-2001,Surabaya,0
bintang.users7453@yopmail.com,Bintang Regis 7552,3000000000007452,01-01-2001,Surabaya,0
bintang.users7454@yopmail.com,Bintang Regis 7553,3000000000007453,01-01-2001,Surabaya,0
bintang.users7455@yopmail.com,Bintang Regis 7554,3000000000007454,01-01-2001,Surabaya,0
bintang.users7456@yopmail.com,Bintang Regis 7555,3000000000007455,01-01-2001,Surabaya,0
bintang.users7457@yopmail.com,Bintang Regis 7556,3000000000007456,01-01-2001,Surabaya,0
bintang.users7458@yopmail.com,Bintang Regis 7557,3000000000007457,01-01-2001,Surabaya,0
bintang.users7459@yopmail.com,Bintang Regis 7558,3000000000007458,01-01-2001,Surabaya,0
bintang.users7460@yopmail.com,Bintang Regis 7559,3000000000007459,01-01-2001,Surabaya,0
bintang.users7461@yopmail.com,Bintang Regis 7560,3000000000007460,01-01-2001,Surabaya,0
bintang.users7462@yopmail.com,Bintang Regis 7561,3000000000007461,01-01-2001,Surabaya,0
bintang.users7463@yopmail.com,Bintang Regis 7562,3000000000007462,01-01-2001,Surabaya,0
bintang.users7464@yopmail.com,Bintang Regis 7563,3000000000007463,01-01-2001,Surabaya,0
bintang.users7465@yopmail.com,Bintang Regis 7564,3000000000007464,01-01-2001,Surabaya,0
bintang.users7466@yopmail.com,Bintang Regis 7565,3000000000007465,01-01-2001,Surabaya,0
bintang.users7467@yopmail.com,Bintang Regis 7566,3000000000007466,01-01-2001,Surabaya,0
bintang.users7468@yopmail.com,Bintang Regis 7567,3000000000007467,01-01-2001,Surabaya,0
bintang.users7469@yopmail.com,Bintang Regis 7568,3000000000007468,01-01-2001,Surabaya,0
bintang.users7470@yopmail.com,Bintang Regis 7569,3000000000007469,01-01-2001,Surabaya,0
bintang.users7471@yopmail.com,Bintang Regis 7570,3000000000007470,01-01-2001,Surabaya,0
bintang.users7472@yopmail.com,Bintang Regis 7571,3000000000007471,01-01-2001,Surabaya,0
bintang.users7473@yopmail.com,Bintang Regis 7572,3000000000007472,01-01-2001,Surabaya,0
bintang.users7474@yopmail.com,Bintang Regis 7573,3000000000007473,01-01-2001,Surabaya,0
bintang.users7475@yopmail.com,Bintang Regis 7574,3000000000007474,01-01-2001,Surabaya,0
bintang.users7476@yopmail.com,Bintang Regis 7575,3000000000007475,01-01-2001,Surabaya,0
bintang.users7477@yopmail.com,Bintang Regis 7576,3000000000007476,01-01-2001,Surabaya,0
bintang.users7478@yopmail.com,Bintang Regis 7577,3000000000007477,01-01-2001,Surabaya,0
bintang.users7479@yopmail.com,Bintang Regis 7578,3000000000007478,01-01-2001,Surabaya,0
bintang.users7480@yopmail.com,Bintang Regis 7579,3000000000007479,01-01-2001,Surabaya,0
bintang.users7481@yopmail.com,Bintang Regis 7580,3000000000007480,01-01-2001,Surabaya,0
bintang.users7482@yopmail.com,Bintang Regis 7581,3000000000007481,01-01-2001,Surabaya,0
bintang.users7483@yopmail.com,Bintang Regis 7582,3000000000007482,01-01-2001,Surabaya,0
bintang.users7484@yopmail.com,Bintang Regis 7583,3000000000007483,01-01-2001,Surabaya,0
bintang.users7485@yopmail.com,Bintang Regis 7584,3000000000007484,01-01-2001,Surabaya,0
bintang.users7486@yopmail.com,Bintang Regis 7585,3000000000007485,01-01-2001,Surabaya,0
bintang.users7487@yopmail.com,Bintang Regis 7586,3000000000007486,01-01-2001,Surabaya,0
bintang.users7488@yopmail.com,Bintang Regis 7587,3000000000007487,01-01-2001,Surabaya,0
bintang.users7489@yopmail.com,Bintang Regis 7588,3000000000007488,01-01-2001,Surabaya,0
bintang.users7490@yopmail.com,Bintang Regis 7589,3000000000007489,01-01-2001,Surabaya,0
bintang.users7491@yopmail.com,Bintang Regis 7590,3000000000007490,01-01-2001,Surabaya,0
bintang.users7492@yopmail.com,Bintang Regis 7591,3000000000007491,01-01-2001,Surabaya,0
bintang.users7493@yopmail.com,Bintang Regis 7592,3000000000007492,01-01-2001,Surabaya,0
bintang.users7494@yopmail.com,Bintang Regis 7593,3000000000007493,01-01-2001,Surabaya,0
bintang.users7495@yopmail.com,Bintang Regis 7594,3000000000007494,01-01-2001,Surabaya,0
bintang.users7496@yopmail.com,Bintang Regis 7595,3000000000007495,01-01-2001,Surabaya,0
bintang.users7497@yopmail.com,Bintang Regis 7596,3000000000007496,01-01-2001,Surabaya,0
bintang.users7498@yopmail.com,Bintang Regis 7597,3000000000007497,01-01-2001,Surabaya,0
bintang.users7499@yopmail.com,Bintang Regis 7598,3000000000007498,01-01-2001,Surabaya,0
bintang.users7500@yopmail.com,Bintang Regis 7599,3000000000007499,01-01-2001,Surabaya,0
bintang.users7501@yopmail.com,Bintang Regis 7600,3000000000007500,01-01-2001,Surabaya,0
bintang.users7502@yopmail.com,Bintang Regis 7601,3000000000007501,01-01-2001,Surabaya,0
bintang.users7503@yopmail.com,Bintang Regis 7602,3000000000007502,01-01-2001,Surabaya,0
bintang.users7504@yopmail.com,Bintang Regis 7603,3000000000007503,01-01-2001,Surabaya,0
bintang.users7505@yopmail.com,Bintang Regis 7604,3000000000007504,01-01-2001,Surabaya,0
bintang.users7506@yopmail.com,Bintang Regis 7605,3000000000007505,01-01-2001,Surabaya,0
bintang.users7507@yopmail.com,Bintang Regis 7606,3000000000007506,01-01-2001,Surabaya,0
bintang.users7508@yopmail.com,Bintang Regis 7607,3000000000007507,01-01-2001,Surabaya,0
bintang.users7509@yopmail.com,Bintang Regis 7608,3000000000007508,01-01-2001,Surabaya,0
bintang.users7510@yopmail.com,Bintang Regis 7609,3000000000007509,01-01-2001,Surabaya,0
bintang.users7511@yopmail.com,Bintang Regis 7610,3000000000007510,01-01-2001,Surabaya,0
bintang.users7512@yopmail.com,Bintang Regis 7611,3000000000007511,01-01-2001,Surabaya,0
bintang.users7513@yopmail.com,Bintang Regis 7612,3000000000007512,01-01-2001,Surabaya,0
bintang.users7514@yopmail.com,Bintang Regis 7613,3000000000007513,01-01-2001,Surabaya,0
bintang.users7515@yopmail.com,Bintang Regis 7614,3000000000007514,01-01-2001,Surabaya,0
bintang.users7516@yopmail.com,Bintang Regis 7615,3000000000007515,01-01-2001,Surabaya,0
bintang.users7517@yopmail.com,Bintang Regis 7616,3000000000007516,01-01-2001,Surabaya,0
bintang.users7518@yopmail.com,Bintang Regis 7617,3000000000007517,01-01-2001,Surabaya,0
bintang.users7519@yopmail.com,Bintang Regis 7618,3000000000007518,01-01-2001,Surabaya,0
bintang.users7520@yopmail.com,Bintang Regis 7619,3000000000007519,01-01-2001,Surabaya,0
bintang.users7521@yopmail.com,Bintang Regis 7620,3000000000007520,01-01-2001,Surabaya,0
bintang.users7522@yopmail.com,Bintang Regis 7621,3000000000007521,01-01-2001,Surabaya,0
bintang.users7523@yopmail.com,Bintang Regis 7622,3000000000007522,01-01-2001,Surabaya,0
bintang.users7524@yopmail.com,Bintang Regis 7623,3000000000007523,01-01-2001,Surabaya,0
bintang.users7525@yopmail.com,Bintang Regis 7624,3000000000007524,01-01-2001,Surabaya,0
bintang.users7526@yopmail.com,Bintang Regis 7625,3000000000007525,01-01-2001,Surabaya,0
bintang.users7527@yopmail.com,Bintang Regis 7626,3000000000007526,01-01-2001,Surabaya,0
bintang.users7528@yopmail.com,Bintang Regis 7627,3000000000007527,01-01-2001,Surabaya,0
bintang.users7529@yopmail.com,Bintang Regis 7628,3000000000007528,01-01-2001,Surabaya,0
bintang.users7530@yopmail.com,Bintang Regis 7629,3000000000007529,01-01-2001,Surabaya,0
bintang.users7531@yopmail.com,Bintang Regis 7630,3000000000007530,01-01-2001,Surabaya,0
bintang.users7532@yopmail.com,Bintang Regis 7631,3000000000007531,01-01-2001,Surabaya,0
bintang.users7533@yopmail.com,Bintang Regis 7632,3000000000007532,01-01-2001,Surabaya,0
bintang.users7534@yopmail.com,Bintang Regis 7633,3000000000007533,01-01-2001,Surabaya,0
bintang.users7535@yopmail.com,Bintang Regis 7634,3000000000007534,01-01-2001,Surabaya,0
bintang.users7536@yopmail.com,Bintang Regis 7635,3000000000007535,01-01-2001,Surabaya,0
bintang.users7537@yopmail.com,Bintang Regis 7636,3000000000007536,01-01-2001,Surabaya,0
bintang.users7538@yopmail.com,Bintang Regis 7637,3000000000007537,01-01-2001,Surabaya,0
bintang.users7539@yopmail.com,Bintang Regis 7638,3000000000007538,01-01-2001,Surabaya,0
bintang.users7540@yopmail.com,Bintang Regis 7639,3000000000007539,01-01-2001,Surabaya,0
bintang.users7541@yopmail.com,Bintang Regis 7640,3000000000007540,01-01-2001,Surabaya,0
bintang.users7542@yopmail.com,Bintang Regis 7641,3000000000007541,01-01-2001,Surabaya,0
bintang.users7543@yopmail.com,Bintang Regis 7642,3000000000007542,01-01-2001,Surabaya,0
bintang.users7544@yopmail.com,Bintang Regis 7643,3000000000007543,01-01-2001,Surabaya,0
bintang.users7545@yopmail.com,Bintang Regis 7644,3000000000007544,01-01-2001,Surabaya,0
bintang.users7546@yopmail.com,Bintang Regis 7645,3000000000007545,01-01-2001,Surabaya,0
bintang.users7547@yopmail.com,Bintang Regis 7646,3000000000007546,01-01-2001,Surabaya,0
bintang.users7548@yopmail.com,Bintang Regis 7647,3000000000007547,01-01-2001,Surabaya,0
bintang.users7549@yopmail.com,Bintang Regis 7648,3000000000007548,01-01-2001,Surabaya,0
bintang.users7550@yopmail.com,Bintang Regis 7649,3000000000007549,01-01-2001,Surabaya,0
bintang.users7551@yopmail.com,Bintang Regis 7650,3000000000007550,01-01-2001,Surabaya,0
bintang.users7552@yopmail.com,Bintang Regis 7651,3000000000007551,01-01-2001,Surabaya,0
bintang.users7553@yopmail.com,Bintang Regis 7652,3000000000007552,01-01-2001,Surabaya,0
bintang.users7554@yopmail.com,Bintang Regis 7653,3000000000007553,01-01-2001,Surabaya,0
bintang.users7555@yopmail.com,Bintang Regis 7654,3000000000007554,01-01-2001,Surabaya,0
bintang.users7556@yopmail.com,Bintang Regis 7655,3000000000007555,01-01-2001,Surabaya,0
bintang.users7557@yopmail.com,Bintang Regis 7656,3000000000007556,01-01-2001,Surabaya,0
bintang.users7558@yopmail.com,Bintang Regis 7657,3000000000007557,01-01-2001,Surabaya,0
bintang.users7559@yopmail.com,Bintang Regis 7658,3000000000007558,01-01-2001,Surabaya,0
bintang.users7560@yopmail.com,Bintang Regis 7659,3000000000007559,01-01-2001,Surabaya,0
bintang.users7561@yopmail.com,Bintang Regis 7660,3000000000007560,01-01-2001,Surabaya,0
bintang.users7562@yopmail.com,Bintang Regis 7661,3000000000007561,01-01-2001,Surabaya,0
bintang.users7563@yopmail.com,Bintang Regis 7662,3000000000007562,01-01-2001,Surabaya,0
bintang.users7564@yopmail.com,Bintang Regis 7663,3000000000007563,01-01-2001,Surabaya,0
bintang.users7565@yopmail.com,Bintang Regis 7664,3000000000007564,01-01-2001,Surabaya,0
bintang.users7566@yopmail.com,Bintang Regis 7665,3000000000007565,01-01-2001,Surabaya,0
bintang.users7567@yopmail.com,Bintang Regis 7666,3000000000007566,01-01-2001,Surabaya,0
bintang.users7568@yopmail.com,Bintang Regis 7667,3000000000007567,01-01-2001,Surabaya,0
bintang.users7569@yopmail.com,Bintang Regis 7668,3000000000007568,01-01-2001,Surabaya,0
bintang.users7570@yopmail.com,Bintang Regis 7669,3000000000007569,01-01-2001,Surabaya,0
bintang.users7571@yopmail.com,Bintang Regis 7670,3000000000007570,01-01-2001,Surabaya,0
bintang.users7572@yopmail.com,Bintang Regis 7671,3000000000007571,01-01-2001,Surabaya,0
bintang.users7573@yopmail.com,Bintang Regis 7672,3000000000007572,01-01-2001,Surabaya,0
bintang.users7574@yopmail.com,Bintang Regis 7673,3000000000007573,01-01-2001,Surabaya,0
bintang.users7575@yopmail.com,Bintang Regis 7674,3000000000007574,01-01-2001,Surabaya,0
bintang.users7576@yopmail.com,Bintang Regis 7675,3000000000007575,01-01-2001,Surabaya,0
bintang.users7577@yopmail.com,Bintang Regis 7676,3000000000007576,01-01-2001,Surabaya,0
bintang.users7578@yopmail.com,Bintang Regis 7677,3000000000007577,01-01-2001,Surabaya,0
bintang.users7579@yopmail.com,Bintang Regis 7678,3000000000007578,01-01-2001,Surabaya,0
bintang.users7580@yopmail.com,Bintang Regis 7679,3000000000007579,01-01-2001,Surabaya,0
bintang.users7581@yopmail.com,Bintang Regis 7680,3000000000007580,01-01-2001,Surabaya,0
bintang.users7582@yopmail.com,Bintang Regis 7681,3000000000007581,01-01-2001,Surabaya,0
bintang.users7583@yopmail.com,Bintang Regis 7682,3000000000007582,01-01-2001,Surabaya,0
bintang.users7584@yopmail.com,Bintang Regis 7683,3000000000007583,01-01-2001,Surabaya,0
bintang.users7585@yopmail.com,Bintang Regis 7684,3000000000007584,01-01-2001,Surabaya,0
bintang.users7586@yopmail.com,Bintang Regis 7685,3000000000007585,01-01-2001,Surabaya,0
bintang.users7587@yopmail.com,Bintang Regis 7686,3000000000007586,01-01-2001,Surabaya,0
bintang.users7588@yopmail.com,Bintang Regis 7687,3000000000007587,01-01-2001,Surabaya,0
bintang.users7589@yopmail.com,Bintang Regis 7688,3000000000007588,01-01-2001,Surabaya,0
bintang.users7590@yopmail.com,Bintang Regis 7689,3000000000007589,01-01-2001,Surabaya,0
bintang.users7591@yopmail.com,Bintang Regis 7690,3000000000007590,01-01-2001,Surabaya,0
bintang.users7592@yopmail.com,Bintang Regis 7691,3000000000007591,01-01-2001,Surabaya,0
bintang.users7593@yopmail.com,Bintang Regis 7692,3000000000007592,01-01-2001,Surabaya,0
bintang.users7594@yopmail.com,Bintang Regis 7693,3000000000007593,01-01-2001,Surabaya,0
bintang.users7595@yopmail.com,Bintang Regis 7694,3000000000007594,01-01-2001,Surabaya,0
bintang.users7596@yopmail.com,Bintang Regis 7695,3000000000007595,01-01-2001,Surabaya,0
bintang.users7597@yopmail.com,Bintang Regis 7696,3000000000007596,01-01-2001,Surabaya,0
bintang.users7598@yopmail.com,Bintang Regis 7697,3000000000007597,01-01-2001,Surabaya,0
bintang.users7599@yopmail.com,Bintang Regis 7698,3000000000007598,01-01-2001,Surabaya,0
bintang.users7600@yopmail.com,Bintang Regis 7699,3000000000007599,01-01-2001,Surabaya,0
bintang.users7601@yopmail.com,Bintang Regis 7700,3000000000007600,01-01-2001,Surabaya,0
bintang.users7602@yopmail.com,Bintang Regis 7701,3000000000007601,01-01-2001,Surabaya,0
bintang.users7603@yopmail.com,Bintang Regis 7702,3000000000007602,01-01-2001,Surabaya,0
bintang.users7604@yopmail.com,Bintang Regis 7703,3000000000007603,01-01-2001,Surabaya,0
bintang.users7605@yopmail.com,Bintang Regis 7704,3000000000007604,01-01-2001,Surabaya,0
bintang.users7606@yopmail.com,Bintang Regis 7705,3000000000007605,01-01-2001,Surabaya,0
bintang.users7607@yopmail.com,Bintang Regis 7706,3000000000007606,01-01-2001,Surabaya,0
bintang.users7608@yopmail.com,Bintang Regis 7707,3000000000007607,01-01-2001,Surabaya,0
bintang.users7609@yopmail.com,Bintang Regis 7708,3000000000007608,01-01-2001,Surabaya,0
bintang.users7610@yopmail.com,Bintang Regis 7709,3000000000007609,01-01-2001,Surabaya,0
bintang.users7611@yopmail.com,Bintang Regis 7710,3000000000007610,01-01-2001,Surabaya,0
bintang.users7612@yopmail.com,Bintang Regis 7711,3000000000007611,01-01-2001,Surabaya,0
bintang.users7613@yopmail.com,Bintang Regis 7712,3000000000007612,01-01-2001,Surabaya,0
bintang.users7614@yopmail.com,Bintang Regis 7713,3000000000007613,01-01-2001,Surabaya,0
bintang.users7615@yopmail.com,Bintang Regis 7714,3000000000007614,01-01-2001,Surabaya,0
bintang.users7616@yopmail.com,Bintang Regis 7715,3000000000007615,01-01-2001,Surabaya,0
bintang.users7617@yopmail.com,Bintang Regis 7716,3000000000007616,01-01-2001,Surabaya,0
bintang.users7618@yopmail.com,Bintang Regis 7717,3000000000007617,01-01-2001,Surabaya,0
bintang.users7619@yopmail.com,Bintang Regis 7718,3000000000007618,01-01-2001,Surabaya,0
bintang.users7620@yopmail.com,Bintang Regis 7719,3000000000007619,01-01-2001,Surabaya,0
bintang.users7621@yopmail.com,Bintang Regis 7720,3000000000007620,01-01-2001,Surabaya,0
bintang.users7622@yopmail.com,Bintang Regis 7721,3000000000007621,01-01-2001,Surabaya,0
bintang.users7623@yopmail.com,Bintang Regis 7722,3000000000007622,01-01-2001,Surabaya,0
bintang.users7624@yopmail.com,Bintang Regis 7723,3000000000007623,01-01-2001,Surabaya,0
bintang.users7625@yopmail.com,Bintang Regis 7724,3000000000007624,01-01-2001,Surabaya,0
bintang.users7626@yopmail.com,Bintang Regis 7725,3000000000007625,01-01-2001,Surabaya,0
bintang.users7627@yopmail.com,Bintang Regis 7726,3000000000007626,01-01-2001,Surabaya,0
bintang.users7628@yopmail.com,Bintang Regis 7727,3000000000007627,01-01-2001,Surabaya,0
bintang.users7629@yopmail.com,Bintang Regis 7728,3000000000007628,01-01-2001,Surabaya,0
bintang.users7630@yopmail.com,Bintang Regis 7729,3000000000007629,01-01-2001,Surabaya,0
bintang.users7631@yopmail.com,Bintang Regis 7730,3000000000007630,01-01-2001,Surabaya,0
bintang.users7632@yopmail.com,Bintang Regis 7731,3000000000007631,01-01-2001,Surabaya,0
bintang.users7633@yopmail.com,Bintang Regis 7732,3000000000007632,01-01-2001,Surabaya,0
bintang.users7634@yopmail.com,Bintang Regis 7733,3000000000007633,01-01-2001,Surabaya,0
bintang.users7635@yopmail.com,Bintang Regis 7734,3000000000007634,01-01-2001,Surabaya,0
bintang.users7636@yopmail.com,Bintang Regis 7735,3000000000007635,01-01-2001,Surabaya,0
bintang.users7637@yopmail.com,Bintang Regis 7736,3000000000007636,01-01-2001,Surabaya,0
bintang.users7638@yopmail.com,Bintang Regis 7737,3000000000007637,01-01-2001,Surabaya,0
bintang.users7639@yopmail.com,Bintang Regis 7738,3000000000007638,01-01-2001,Surabaya,0
bintang.users7640@yopmail.com,Bintang Regis 7739,3000000000007639,01-01-2001,Surabaya,0
bintang.users7641@yopmail.com,Bintang Regis 7740,3000000000007640,01-01-2001,Surabaya,0
bintang.users7642@yopmail.com,Bintang Regis 7741,3000000000007641,01-01-2001,Surabaya,0
bintang.users7643@yopmail.com,Bintang Regis 7742,3000000000007642,01-01-2001,Surabaya,0
bintang.users7644@yopmail.com,Bintang Regis 7743,3000000000007643,01-01-2001,Surabaya,0
bintang.users7645@yopmail.com,Bintang Regis 7744,3000000000007644,01-01-2001,Surabaya,0
bintang.users7646@yopmail.com,Bintang Regis 7745,3000000000007645,01-01-2001,Surabaya,0
bintang.users7647@yopmail.com,Bintang Regis 7746,3000000000007646,01-01-2001,Surabaya,0
bintang.users7648@yopmail.com,Bintang Regis 7747,3000000000007647,01-01-2001,Surabaya,0
bintang.users7649@yopmail.com,Bintang Regis 7748,3000000000007648,01-01-2001,Surabaya,0
bintang.users7650@yopmail.com,Bintang Regis 7749,3000000000007649,01-01-2001,Surabaya,0
bintang.users7651@yopmail.com,Bintang Regis 7750,3000000000007650,01-01-2001,Surabaya,0
bintang.users7652@yopmail.com,Bintang Regis 7751,3000000000007651,01-01-2001,Surabaya,0
bintang.users7653@yopmail.com,Bintang Regis 7752,3000000000007652,01-01-2001,Surabaya,0
bintang.users7654@yopmail.com,Bintang Regis 7753,3000000000007653,01-01-2001,Surabaya,0
bintang.users7655@yopmail.com,Bintang Regis 7754,3000000000007654,01-01-2001,Surabaya,0
bintang.users7656@yopmail.com,Bintang Regis 7755,3000000000007655,01-01-2001,Surabaya,0
bintang.users7657@yopmail.com,Bintang Regis 7756,3000000000007656,01-01-2001,Surabaya,0
bintang.users7658@yopmail.com,Bintang Regis 7757,3000000000007657,01-01-2001,Surabaya,0
bintang.users7659@yopmail.com,Bintang Regis 7758,3000000000007658,01-01-2001,Surabaya,0
bintang.users7660@yopmail.com,Bintang Regis 7759,3000000000007659,01-01-2001,Surabaya,0
bintang.users7661@yopmail.com,Bintang Regis 7760,3000000000007660,01-01-2001,Surabaya,0
bintang.users7662@yopmail.com,Bintang Regis 7761,3000000000007661,01-01-2001,Surabaya,0
bintang.users7663@yopmail.com,Bintang Regis 7762,3000000000007662,01-01-2001,Surabaya,0
bintang.users7664@yopmail.com,Bintang Regis 7763,3000000000007663,01-01-2001,Surabaya,0
bintang.users7665@yopmail.com,Bintang Regis 7764,3000000000007664,01-01-2001,Surabaya,0
bintang.users7666@yopmail.com,Bintang Regis 7765,3000000000007665,01-01-2001,Surabaya,0
bintang.users7667@yopmail.com,Bintang Regis 7766,3000000000007666,01-01-2001,Surabaya,0
bintang.users7668@yopmail.com,Bintang Regis 7767,3000000000007667,01-01-2001,Surabaya,0
bintang.users7669@yopmail.com,Bintang Regis 7768,3000000000007668,01-01-2001,Surabaya,0
bintang.users7670@yopmail.com,Bintang Regis 7769,3000000000007669,01-01-2001,Surabaya,0
bintang.users7671@yopmail.com,Bintang Regis 7770,3000000000007670,01-01-2001,Surabaya,0
bintang.users7672@yopmail.com,Bintang Regis 7771,3000000000007671,01-01-2001,Surabaya,0
bintang.users7673@yopmail.com,Bintang Regis 7772,3000000000007672,01-01-2001,Surabaya,0
bintang.users7674@yopmail.com,Bintang Regis 7773,3000000000007673,01-01-2001,Surabaya,0
bintang.users7675@yopmail.com,Bintang Regis 7774,3000000000007674,01-01-2001,Surabaya,0
bintang.users7676@yopmail.com,Bintang Regis 7775,3000000000007675,01-01-2001,Surabaya,0
bintang.users7677@yopmail.com,Bintang Regis 7776,3000000000007676,01-01-2001,Surabaya,0
bintang.users7678@yopmail.com,Bintang Regis 7777,3000000000007677,01-01-2001,Surabaya,0
bintang.users7679@yopmail.com,Bintang Regis 7778,3000000000007678,01-01-2001,Surabaya,0
bintang.users7680@yopmail.com,Bintang Regis 7779,3000000000007679,01-01-2001,Surabaya,0
bintang.users7681@yopmail.com,Bintang Regis 7780,3000000000007680,01-01-2001,Surabaya,0
bintang.users7682@yopmail.com,Bintang Regis 7781,3000000000007681,01-01-2001,Surabaya,0
bintang.users7683@yopmail.com,Bintang Regis 7782,3000000000007682,01-01-2001,Surabaya,0
bintang.users7684@yopmail.com,Bintang Regis 7783,3000000000007683,01-01-2001,Surabaya,0
bintang.users7685@yopmail.com,Bintang Regis 7784,3000000000007684,01-01-2001,Surabaya,0
bintang.users7686@yopmail.com,Bintang Regis 7785,3000000000007685,01-01-2001,Surabaya,0
bintang.users7687@yopmail.com,Bintang Regis 7786,3000000000007686,01-01-2001,Surabaya,0
bintang.users7688@yopmail.com,Bintang Regis 7787,3000000000007687,01-01-2001,Surabaya,0
bintang.users7689@yopmail.com,Bintang Regis 7788,3000000000007688,01-01-2001,Surabaya,0
bintang.users7690@yopmail.com,Bintang Regis 7789,3000000000007689,01-01-2001,Surabaya,0
bintang.users7691@yopmail.com,Bintang Regis 7790,3000000000007690,01-01-2001,Surabaya,0
bintang.users7692@yopmail.com,Bintang Regis 7791,3000000000007691,01-01-2001,Surabaya,0
bintang.users7693@yopmail.com,Bintang Regis 7792,3000000000007692,01-01-2001,Surabaya,0
bintang.users7694@yopmail.com,Bintang Regis 7793,3000000000007693,01-01-2001,Surabaya,0
bintang.users7695@yopmail.com,Bintang Regis 7794,3000000000007694,01-01-2001,Surabaya,0
bintang.users7696@yopmail.com,Bintang Regis 7795,3000000000007695,01-01-2001,Surabaya,0
bintang.users7697@yopmail.com,Bintang Regis 7796,3000000000007696,01-01-2001,Surabaya,0
bintang.users7698@yopmail.com,Bintang Regis 7797,3000000000007697,01-01-2001,Surabaya,0
bintang.users7699@yopmail.com,Bintang Regis 7798,3000000000007698,01-01-2001,Surabaya,0
bintang.users7700@yopmail.com,Bintang Regis 7799,3000000000007699,01-01-2001,Surabaya,0
bintang.users7701@yopmail.com,Bintang Regis 7800,3000000000007700,01-01-2001,Surabaya,0
bintang.users7702@yopmail.com,Bintang Regis 7801,3000000000007701,01-01-2001,Surabaya,0
bintang.users7703@yopmail.com,Bintang Regis 7802,3000000000007702,01-01-2001,Surabaya,0
bintang.users7704@yopmail.com,Bintang Regis 7803,3000000000007703,01-01-2001,Surabaya,0
bintang.users7705@yopmail.com,Bintang Regis 7804,3000000000007704,01-01-2001,Surabaya,0
bintang.users7706@yopmail.com,Bintang Regis 7805,3000000000007705,01-01-2001,Surabaya,0
bintang.users7707@yopmail.com,Bintang Regis 7806,3000000000007706,01-01-2001,Surabaya,0
bintang.users7708@yopmail.com,Bintang Regis 7807,3000000000007707,01-01-2001,Surabaya,0
bintang.users7709@yopmail.com,Bintang Regis 7808,3000000000007708,01-01-2001,Surabaya,0
bintang.users7710@yopmail.com,Bintang Regis 7809,3000000000007709,01-01-2001,Surabaya,0
bintang.users7711@yopmail.com,Bintang Regis 7810,3000000000007710,01-01-2001,Surabaya,0
bintang.users7712@yopmail.com,Bintang Regis 7811,3000000000007711,01-01-2001,Surabaya,0
bintang.users7713@yopmail.com,Bintang Regis 7812,3000000000007712,01-01-2001,Surabaya,0
bintang.users7714@yopmail.com,Bintang Regis 7813,3000000000007713,01-01-2001,Surabaya,0
bintang.users7715@yopmail.com,Bintang Regis 7814,3000000000007714,01-01-2001,Surabaya,0
bintang.users7716@yopmail.com,Bintang Regis 7815,3000000000007715,01-01-2001,Surabaya,0
bintang.users7717@yopmail.com,Bintang Regis 7816,3000000000007716,01-01-2001,Surabaya,0
bintang.users7718@yopmail.com,Bintang Regis 7817,3000000000007717,01-01-2001,Surabaya,0
bintang.users7719@yopmail.com,Bintang Regis 7818,3000000000007718,01-01-2001,Surabaya,0
bintang.users7720@yopmail.com,Bintang Regis 7819,3000000000007719,01-01-2001,Surabaya,0
bintang.users7721@yopmail.com,Bintang Regis 7820,3000000000007720,01-01-2001,Surabaya,0
bintang.users7722@yopmail.com,Bintang Regis 7821,3000000000007721,01-01-2001,Surabaya,0
bintang.users7723@yopmail.com,Bintang Regis 7822,3000000000007722,01-01-2001,Surabaya,0
bintang.users7724@yopmail.com,Bintang Regis 7823,3000000000007723,01-01-2001,Surabaya,0
bintang.users7725@yopmail.com,Bintang Regis 7824,3000000000007724,01-01-2001,Surabaya,0
bintang.users7726@yopmail.com,Bintang Regis 7825,3000000000007725,01-01-2001,Surabaya,0
bintang.users7727@yopmail.com,Bintang Regis 7826,3000000000007726,01-01-2001,Surabaya,0
bintang.users7728@yopmail.com,Bintang Regis 7827,3000000000007727,01-01-2001,Surabaya,0
bintang.users7729@yopmail.com,Bintang Regis 7828,3000000000007728,01-01-2001,Surabaya,0
bintang.users7730@yopmail.com,Bintang Regis 7829,3000000000007729,01-01-2001,Surabaya,0
bintang.users7731@yopmail.com,Bintang Regis 7830,3000000000007730,01-01-2001,Surabaya,0
bintang.users7732@yopmail.com,Bintang Regis 7831,3000000000007731,01-01-2001,Surabaya,0
bintang.users7733@yopmail.com,Bintang Regis 7832,3000000000007732,01-01-2001,Surabaya,0
bintang.users7734@yopmail.com,Bintang Regis 7833,3000000000007733,01-01-2001,Surabaya,0
bintang.users7735@yopmail.com,Bintang Regis 7834,3000000000007734,01-01-2001,Surabaya,0
bintang.users7736@yopmail.com,Bintang Regis 7835,3000000000007735,01-01-2001,Surabaya,0
bintang.users7737@yopmail.com,Bintang Regis 7836,3000000000007736,01-01-2001,Surabaya,0
bintang.users7738@yopmail.com,Bintang Regis 7837,3000000000007737,01-01-2001,Surabaya,0
bintang.users7739@yopmail.com,Bintang Regis 7838,3000000000007738,01-01-2001,Surabaya,0
bintang.users7740@yopmail.com,Bintang Regis 7839,3000000000007739,01-01-2001,Surabaya,0
bintang.users7741@yopmail.com,Bintang Regis 7840,3000000000007740,01-01-2001,Surabaya,0
bintang.users7742@yopmail.com,Bintang Regis 7841,3000000000007741,01-01-2001,Surabaya,0
bintang.users7743@yopmail.com,Bintang Regis 7842,3000000000007742,01-01-2001,Surabaya,0
bintang.users7744@yopmail.com,Bintang Regis 7843,3000000000007743,01-01-2001,Surabaya,0
bintang.users7745@yopmail.com,Bintang Regis 7844,3000000000007744,01-01-2001,Surabaya,0
bintang.users7746@yopmail.com,Bintang Regis 7845,3000000000007745,01-01-2001,Surabaya,0
bintang.users7747@yopmail.com,Bintang Regis 7846,3000000000007746,01-01-2001,Surabaya,0
bintang.users7748@yopmail.com,Bintang Regis 7847,3000000000007747,01-01-2001,Surabaya,0
bintang.users7749@yopmail.com,Bintang Regis 7848,3000000000007748,01-01-2001,Surabaya,0
bintang.users7750@yopmail.com,Bintang Regis 7849,3000000000007749,01-01-2001,Surabaya,0
bintang.users7751@yopmail.com,Bintang Regis 7850,3000000000007750,01-01-2001,Surabaya,0
bintang.users7752@yopmail.com,Bintang Regis 7851,3000000000007751,01-01-2001,Surabaya,0
bintang.users7753@yopmail.com,Bintang Regis 7852,3000000000007752,01-01-2001,Surabaya,0
bintang.users7754@yopmail.com,Bintang Regis 7853,3000000000007753,01-01-2001,Surabaya,0
bintang.users7755@yopmail.com,Bintang Regis 7854,3000000000007754,01-01-2001,Surabaya,0
bintang.users7756@yopmail.com,Bintang Regis 7855,3000000000007755,01-01-2001,Surabaya,0
bintang.users7757@yopmail.com,Bintang Regis 7856,3000000000007756,01-01-2001,Surabaya,0
bintang.users7758@yopmail.com,Bintang Regis 7857,3000000000007757,01-01-2001,Surabaya,0
bintang.users7759@yopmail.com,Bintang Regis 7858,3000000000007758,01-01-2001,Surabaya,0
bintang.users7760@yopmail.com,Bintang Regis 7859,3000000000007759,01-01-2001,Surabaya,0
bintang.users7761@yopmail.com,Bintang Regis 7860,3000000000007760,01-01-2001,Surabaya,0
bintang.users7762@yopmail.com,Bintang Regis 7861,3000000000007761,01-01-2001,Surabaya,0
bintang.users7763@yopmail.com,Bintang Regis 7862,3000000000007762,01-01-2001,Surabaya,0
bintang.users7764@yopmail.com,Bintang Regis 7863,3000000000007763,01-01-2001,Surabaya,0
bintang.users7765@yopmail.com,Bintang Regis 7864,3000000000007764,01-01-2001,Surabaya,0
bintang.users7766@yopmail.com,Bintang Regis 7865,3000000000007765,01-01-2001,Surabaya,0
bintang.users7767@yopmail.com,Bintang Regis 7866,3000000000007766,01-01-2001,Surabaya,0
bintang.users7768@yopmail.com,Bintang Regis 7867,3000000000007767,01-01-2001,Surabaya,0
bintang.users7769@yopmail.com,Bintang Regis 7868,3000000000007768,01-01-2001,Surabaya,0
bintang.users7770@yopmail.com,Bintang Regis 7869,3000000000007769,01-01-2001,Surabaya,0
bintang.users7771@yopmail.com,Bintang Regis 7870,3000000000007770,01-01-2001,Surabaya,0
bintang.users7772@yopmail.com,Bintang Regis 7871,3000000000007771,01-01-2001,Surabaya,0
bintang.users7773@yopmail.com,Bintang Regis 7872,3000000000007772,01-01-2001,Surabaya,0
bintang.users7774@yopmail.com,Bintang Regis 7873,3000000000007773,01-01-2001,Surabaya,0
bintang.users7775@yopmail.com,Bintang Regis 7874,3000000000007774,01-01-2001,Surabaya,0
bintang.users7776@yopmail.com,Bintang Regis 7875,3000000000007775,01-01-2001,Surabaya,0
bintang.users7777@yopmail.com,Bintang Regis 7876,3000000000007776,01-01-2001,Surabaya,0
bintang.users7778@yopmail.com,Bintang Regis 7877,3000000000007777,01-01-2001,Surabaya,0
bintang.users7779@yopmail.com,Bintang Regis 7878,3000000000007778,01-01-2001,Surabaya,0
bintang.users7780@yopmail.com,Bintang Regis 7879,3000000000007779,01-01-2001,Surabaya,0
bintang.users7781@yopmail.com,Bintang Regis 7880,3000000000007780,01-01-2001,Surabaya,0
bintang.users7782@yopmail.com,Bintang Regis 7881,3000000000007781,01-01-2001,Surabaya,0
bintang.users7783@yopmail.com,Bintang Regis 7882,3000000000007782,01-01-2001,Surabaya,0
bintang.users7784@yopmail.com,Bintang Regis 7883,3000000000007783,01-01-2001,Surabaya,0
bintang.users7785@yopmail.com,Bintang Regis 7884,3000000000007784,01-01-2001,Surabaya,0
bintang.users7786@yopmail.com,Bintang Regis 7885,3000000000007785,01-01-2001,Surabaya,0
bintang.users7787@yopmail.com,Bintang Regis 7886,3000000000007786,01-01-2001,Surabaya,0
bintang.users7788@yopmail.com,Bintang Regis 7887,3000000000007787,01-01-2001,Surabaya,0
bintang.users7789@yopmail.com,Bintang Regis 7888,3000000000007788,01-01-2001,Surabaya,0
bintang.users7790@yopmail.com,Bintang Regis 7889,3000000000007789,01-01-2001,Surabaya,0
bintang.users7791@yopmail.com,Bintang Regis 7890,3000000000007790,01-01-2001,Surabaya,0
bintang.users7792@yopmail.com,Bintang Regis 7891,3000000000007791,01-01-2001,Surabaya,0
bintang.users7793@yopmail.com,Bintang Regis 7892,3000000000007792,01-01-2001,Surabaya,0
bintang.users7794@yopmail.com,Bintang Regis 7893,3000000000007793,01-01-2001,Surabaya,0
bintang.users7795@yopmail.com,Bintang Regis 7894,3000000000007794,01-01-2001,Surabaya,0
bintang.users7796@yopmail.com,Bintang Regis 7895,3000000000007795,01-01-2001,Surabaya,0
bintang.users7797@yopmail.com,Bintang Regis 7896,3000000000007796,01-01-2001,Surabaya,0
bintang.users7798@yopmail.com,Bintang Regis 7897,3000000000007797,01-01-2001,Surabaya,0
bintang.users7799@yopmail.com,Bintang Regis 7898,3000000000007798,01-01-2001,Surabaya,0
bintang.users7800@yopmail.com,Bintang Regis 7899,3000000000007799,01-01-2001,Surabaya,0
bintang.users7801@yopmail.com,Bintang Regis 7900,3000000000007800,01-01-2001,Surabaya,0
bintang.users7802@yopmail.com,Bintang Regis 7901,3000000000007801,01-01-2001,Surabaya,0
bintang.users7803@yopmail.com,Bintang Regis 7902,3000000000007802,01-01-2001,Surabaya,0
bintang.users7804@yopmail.com,Bintang Regis 7903,3000000000007803,01-01-2001,Surabaya,0
bintang.users7805@yopmail.com,Bintang Regis 7904,3000000000007804,01-01-2001,Surabaya,0
bintang.users7806@yopmail.com,Bintang Regis 7905,3000000000007805,01-01-2001,Surabaya,0
bintang.users7807@yopmail.com,Bintang Regis 7906,3000000000007806,01-01-2001,Surabaya,0
bintang.users7808@yopmail.com,Bintang Regis 7907,3000000000007807,01-01-2001,Surabaya,0
bintang.users7809@yopmail.com,Bintang Regis 7908,3000000000007808,01-01-2001,Surabaya,0
bintang.users7810@yopmail.com,Bintang Regis 7909,3000000000007809,01-01-2001,Surabaya,0
bintang.users7811@yopmail.com,Bintang Regis 7910,3000000000007810,01-01-2001,Surabaya,0
bintang.users7812@yopmail.com,Bintang Regis 7911,3000000000007811,01-01-2001,Surabaya,0
bintang.users7813@yopmail.com,Bintang Regis 7912,3000000000007812,01-01-2001,Surabaya,0
bintang.users7814@yopmail.com,Bintang Regis 7913,3000000000007813,01-01-2001,Surabaya,0
bintang.users7815@yopmail.com,Bintang Regis 7914,3000000000007814,01-01-2001,Surabaya,0
bintang.users7816@yopmail.com,Bintang Regis 7915,3000000000007815,01-01-2001,Surabaya,0
bintang.users7817@yopmail.com,Bintang Regis 7916,3000000000007816,01-01-2001,Surabaya,0
bintang.users7818@yopmail.com,Bintang Regis 7917,3000000000007817,01-01-2001,Surabaya,0
bintang.users7819@yopmail.com,Bintang Regis 7918,3000000000007818,01-01-2001,Surabaya,0
bintang.users7820@yopmail.com,Bintang Regis 7919,3000000000007819,01-01-2001,Surabaya,0
bintang.users7821@yopmail.com,Bintang Regis 7920,3000000000007820,01-01-2001,Surabaya,0
bintang.users7822@yopmail.com,Bintang Regis 7921,3000000000007821,01-01-2001,Surabaya,0
bintang.users7823@yopmail.com,Bintang Regis 7922,3000000000007822,01-01-2001,Surabaya,0
bintang.users7824@yopmail.com,Bintang Regis 7923,3000000000007823,01-01-2001,Surabaya,0
bintang.users7825@yopmail.com,Bintang Regis 7924,3000000000007824,01-01-2001,Surabaya,0
bintang.users7826@yopmail.com,Bintang Regis 7925,3000000000007825,01-01-2001,Surabaya,0
bintang.users7827@yopmail.com,Bintang Regis 7926,3000000000007826,01-01-2001,Surabaya,0
bintang.users7828@yopmail.com,Bintang Regis 7927,3000000000007827,01-01-2001,Surabaya,0
bintang.users7829@yopmail.com,Bintang Regis 7928,3000000000007828,01-01-2001,Surabaya,0
bintang.users7830@yopmail.com,Bintang Regis 7929,3000000000007829,01-01-2001,Surabaya,0
bintang.users7831@yopmail.com,Bintang Regis 7930,3000000000007830,01-01-2001,Surabaya,0
bintang.users7832@yopmail.com,Bintang Regis 7931,3000000000007831,01-01-2001,Surabaya,0
bintang.users7833@yopmail.com,Bintang Regis 7932,3000000000007832,01-01-2001,Surabaya,0
bintang.users7834@yopmail.com,Bintang Regis 7933,3000000000007833,01-01-2001,Surabaya,0
bintang.users7835@yopmail.com,Bintang Regis 7934,3000000000007834,01-01-2001,Surabaya,0
bintang.users7836@yopmail.com,Bintang Regis 7935,3000000000007835,01-01-2001,Surabaya,0
bintang.users7837@yopmail.com,Bintang Regis 7936,3000000000007836,01-01-2001,Surabaya,0
bintang.users7838@yopmail.com,Bintang Regis 7937,3000000000007837,01-01-2001,Surabaya,0
bintang.users7839@yopmail.com,Bintang Regis 7938,3000000000007838,01-01-2001,Surabaya,0
bintang.users7840@yopmail.com,Bintang Regis 7939,3000000000007839,01-01-2001,Surabaya,0
bintang.users7841@yopmail.com,Bintang Regis 7940,3000000000007840,01-01-2001,Surabaya,0
bintang.users7842@yopmail.com,Bintang Regis 7941,3000000000007841,01-01-2001,Surabaya,0
bintang.users7843@yopmail.com,Bintang Regis 7942,3000000000007842,01-01-2001,Surabaya,0
bintang.users7844@yopmail.com,Bintang Regis 7943,3000000000007843,01-01-2001,Surabaya,0
bintang.users7845@yopmail.com,Bintang Regis 7944,3000000000007844,01-01-2001,Surabaya,0
bintang.users7846@yopmail.com,Bintang Regis 7945,3000000000007845,01-01-2001,Surabaya,0
bintang.users7847@yopmail.com,Bintang Regis 7946,3000000000007846,01-01-2001,Surabaya,0
bintang.users7848@yopmail.com,Bintang Regis 7947,3000000000007847,01-01-2001,Surabaya,0
bintang.users7849@yopmail.com,Bintang Regis 7948,3000000000007848,01-01-2001,Surabaya,0
bintang.users7850@yopmail.com,Bintang Regis 7949,3000000000007849,01-01-2001,Surabaya,0
bintang.users7851@yopmail.com,Bintang Regis 7950,3000000000007850,01-01-2001,Surabaya,0
bintang.users7852@yopmail.com,Bintang Regis 7951,3000000000007851,01-01-2001,Surabaya,0
bintang.users7853@yopmail.com,Bintang Regis 7952,3000000000007852,01-01-2001,Surabaya,0
bintang.users7854@yopmail.com,Bintang Regis 7953,3000000000007853,01-01-2001,Surabaya,0
bintang.users7855@yopmail.com,Bintang Regis 7954,3000000000007854,01-01-2001,Surabaya,0
bintang.users7856@yopmail.com,Bintang Regis 7955,3000000000007855,01-01-2001,Surabaya,0
bintang.users7857@yopmail.com,Bintang Regis 7956,3000000000007856,01-01-2001,Surabaya,0
bintang.users7858@yopmail.com,Bintang Regis 7957,3000000000007857,01-01-2001,Surabaya,0
bintang.users7859@yopmail.com,Bintang Regis 7958,3000000000007858,01-01-2001,Surabaya,0
bintang.users7860@yopmail.com,Bintang Regis 7959,3000000000007859,01-01-2001,Surabaya,0
bintang.users7861@yopmail.com,Bintang Regis 7960,3000000000007860,01-01-2001,Surabaya,0
bintang.users7862@yopmail.com,Bintang Regis 7961,3000000000007861,01-01-2001,Surabaya,0
bintang.users7863@yopmail.com,Bintang Regis 7962,3000000000007862,01-01-2001,Surabaya,0
bintang.users7864@yopmail.com,Bintang Regis 7963,3000000000007863,01-01-2001,Surabaya,0
bintang.users7865@yopmail.com,Bintang Regis 7964,3000000000007864,01-01-2001,Surabaya,0
bintang.users7866@yopmail.com,Bintang Regis 7965,3000000000007865,01-01-2001,Surabaya,0
bintang.users7867@yopmail.com,Bintang Regis 7966,3000000000007866,01-01-2001,Surabaya,0
bintang.users7868@yopmail.com,Bintang Regis 7967,3000000000007867,01-01-2001,Surabaya,0
bintang.users7869@yopmail.com,Bintang Regis 7968,3000000000007868,01-01-2001,Surabaya,0
bintang.users7870@yopmail.com,Bintang Regis 7969,3000000000007869,01-01-2001,Surabaya,0
bintang.users7871@yopmail.com,Bintang Regis 7970,3000000000007870,01-01-2001,Surabaya,0
bintang.users7872@yopmail.com,Bintang Regis 7971,3000000000007871,01-01-2001,Surabaya,0
bintang.users7873@yopmail.com,Bintang Regis 7972,3000000000007872,01-01-2001,Surabaya,0
bintang.users7874@yopmail.com,Bintang Regis 7973,3000000000007873,01-01-2001,Surabaya,0
bintang.users7875@yopmail.com,Bintang Regis 7974,3000000000007874,01-01-2001,Surabaya,0
bintang.users7876@yopmail.com,Bintang Regis 7975,3000000000007875,01-01-2001,Surabaya,0
bintang.users7877@yopmail.com,Bintang Regis 7976,3000000000007876,01-01-2001,Surabaya,0
bintang.users7878@yopmail.com,Bintang Regis 7977,3000000000007877,01-01-2001,Surabaya,0
bintang.users7879@yopmail.com,Bintang Regis 7978,3000000000007878,01-01-2001,Surabaya,0
bintang.users7880@yopmail.com,Bintang Regis 7979,3000000000007879,01-01-2001,Surabaya,0
bintang.users7881@yopmail.com,Bintang Regis 7980,3000000000007880,01-01-2001,Surabaya,0
bintang.users7882@yopmail.com,Bintang Regis 7981,3000000000007881,01-01-2001,Surabaya,0
bintang.users7883@yopmail.com,Bintang Regis 7982,3000000000007882,01-01-2001,Surabaya,0
bintang.users7884@yopmail.com,Bintang Regis 7983,3000000000007883,01-01-2001,Surabaya,0
bintang.users7885@yopmail.com,Bintang Regis 7984,3000000000007884,01-01-2001,Surabaya,0
bintang.users7886@yopmail.com,Bintang Regis 7985,3000000000007885,01-01-2001,Surabaya,0
bintang.users7887@yopmail.com,Bintang Regis 7986,3000000000007886,01-01-2001,Surabaya,0
bintang.users7888@yopmail.com,Bintang Regis 7987,3000000000007887,01-01-2001,Surabaya,0
bintang.users7889@yopmail.com,Bintang Regis 7988,3000000000007888,01-01-2001,Surabaya,0
bintang.users7890@yopmail.com,Bintang Regis 7989,3000000000007889,01-01-2001,Surabaya,0
bintang.users7891@yopmail.com,Bintang Regis 7990,3000000000007890,01-01-2001,Surabaya,0
bintang.users7892@yopmail.com,Bintang Regis 7991,3000000000007891,01-01-2001,Surabaya,0
bintang.users7893@yopmail.com,Bintang Regis 7992,3000000000007892,01-01-2001,Surabaya,0
bintang.users7894@yopmail.com,Bintang Regis 7993,3000000000007893,01-01-2001,Surabaya,0
bintang.users7895@yopmail.com,Bintang Regis 7994,3000000000007894,01-01-2001,Surabaya,0
bintang.users7896@yopmail.com,Bintang Regis 7995,3000000000007895,01-01-2001,Surabaya,0
bintang.users7897@yopmail.com,Bintang Regis 7996,3000000000007896,01-01-2001,Surabaya,0
bintang.users7898@yopmail.com,Bintang Regis 7997,3000000000007897,01-01-2001,Surabaya,0
bintang.users7899@yopmail.com,Bintang Regis 7998,3000000000007898,01-01-2001,Surabaya,0
bintang.users7900@yopmail.com,Bintang Regis 7999,3000000000007899,01-01-2001,Surabaya,0
bintang.users7901@yopmail.com,Bintang Regis 8000,3000000000007900,01-01-2001,Surabaya,0
bintang.users7902@yopmail.com,Bintang Regis 8001,3000000000007901,01-01-2001,Surabaya,0
bintang.users7903@yopmail.com,Bintang Regis 8002,3000000000007902,01-01-2001,Surabaya,0
bintang.users7904@yopmail.com,Bintang Regis 8003,3000000000007903,01-01-2001,Surabaya,0
bintang.users7905@yopmail.com,Bintang Regis 8004,3000000000007904,01-01-2001,Surabaya,0
bintang.users7906@yopmail.com,Bintang Regis 8005,3000000000007905,01-01-2001,Surabaya,0
bintang.users7907@yopmail.com,Bintang Regis 8006,3000000000007906,01-01-2001,Surabaya,0
bintang.users7908@yopmail.com,Bintang Regis 8007,3000000000007907,01-01-2001,Surabaya,0
bintang.users7909@yopmail.com,Bintang Regis 8008,3000000000007908,01-01-2001,Surabaya,0
bintang.users7910@yopmail.com,Bintang Regis 8009,3000000000007909,01-01-2001,Surabaya,0
bintang.users7911@yopmail.com,Bintang Regis 8010,3000000000007910,01-01-2001,Surabaya,0
bintang.users7912@yopmail.com,Bintang Regis 8011,3000000000007911,01-01-2001,Surabaya,0
bintang.users7913@yopmail.com,Bintang Regis 8012,3000000000007912,01-01-2001,Surabaya,0
bintang.users7914@yopmail.com,Bintang Regis 8013,3000000000007913,01-01-2001,Surabaya,0
bintang.users7915@yopmail.com,Bintang Regis 8014,3000000000007914,01-01-2001,Surabaya,0
bintang.users7916@yopmail.com,Bintang Regis 8015,3000000000007915,01-01-2001,Surabaya,0
bintang.users7917@yopmail.com,Bintang Regis 8016,3000000000007916,01-01-2001,Surabaya,0
bintang.users7918@yopmail.com,Bintang Regis 8017,3000000000007917,01-01-2001,Surabaya,0
bintang.users7919@yopmail.com,Bintang Regis 8018,3000000000007918,01-01-2001,Surabaya,0
bintang.users7920@yopmail.com,Bintang Regis 8019,3000000000007919,01-01-2001,Surabaya,0
bintang.users7921@yopmail.com,Bintang Regis 8020,3000000000007920,01-01-2001,Surabaya,0
bintang.users7922@yopmail.com,Bintang Regis 8021,3000000000007921,01-01-2001,Surabaya,0
bintang.users7923@yopmail.com,Bintang Regis 8022,3000000000007922,01-01-2001,Surabaya,0
bintang.users7924@yopmail.com,Bintang Regis 8023,3000000000007923,01-01-2001,Surabaya,0
bintang.users7925@yopmail.com,Bintang Regis 8024,3000000000007924,01-01-2001,Surabaya,0
bintang.users7926@yopmail.com,Bintang Regis 8025,3000000000007925,01-01-2001,Surabaya,0
bintang.users7927@yopmail.com,Bintang Regis 8026,3000000000007926,01-01-2001,Surabaya,0
bintang.users7928@yopmail.com,Bintang Regis 8027,3000000000007927,01-01-2001,Surabaya,0
bintang.users7929@yopmail.com,Bintang Regis 8028,3000000000007928,01-01-2001,Surabaya,0
bintang.users7930@yopmail.com,Bintang Regis 8029,3000000000007929,01-01-2001,Surabaya,0
bintang.users7931@yopmail.com,Bintang Regis 8030,3000000000007930,01-01-2001,Surabaya,0
bintang.users7932@yopmail.com,Bintang Regis 8031,3000000000007931,01-01-2001,Surabaya,0
bintang.users7933@yopmail.com,Bintang Regis 8032,3000000000007932,01-01-2001,Surabaya,0
bintang.users7934@yopmail.com,Bintang Regis 8033,3000000000007933,01-01-2001,Surabaya,0
bintang.users7935@yopmail.com,Bintang Regis 8034,3000000000007934,01-01-2001,Surabaya,0
bintang.users7936@yopmail.com,Bintang Regis 8035,3000000000007935,01-01-2001,Surabaya,0
bintang.users7937@yopmail.com,Bintang Regis 8036,3000000000007936,01-01-2001,Surabaya,0
bintang.users7938@yopmail.com,Bintang Regis 8037,3000000000007937,01-01-2001,Surabaya,0
bintang.users7939@yopmail.com,Bintang Regis 8038,3000000000007938,01-01-2001,Surabaya,0
bintang.users7940@yopmail.com,Bintang Regis 8039,3000000000007939,01-01-2001,Surabaya,0
bintang.users7941@yopmail.com,Bintang Regis 8040,3000000000007940,01-01-2001,Surabaya,0
bintang.users7942@yopmail.com,Bintang Regis 8041,3000000000007941,01-01-2001,Surabaya,0
bintang.users7943@yopmail.com,Bintang Regis 8042,3000000000007942,01-01-2001,Surabaya,0
bintang.users7944@yopmail.com,Bintang Regis 8043,3000000000007943,01-01-2001,Surabaya,0
bintang.users7945@yopmail.com,Bintang Regis 8044,3000000000007944,01-01-2001,Surabaya,0
bintang.users7946@yopmail.com,Bintang Regis 8045,3000000000007945,01-01-2001,Surabaya,0
bintang.users7947@yopmail.com,Bintang Regis 8046,3000000000007946,01-01-2001,Surabaya,0
bintang.users7948@yopmail.com,Bintang Regis 8047,3000000000007947,01-01-2001,Surabaya,0
bintang.users7949@yopmail.com,Bintang Regis 8048,3000000000007948,01-01-2001,Surabaya,0
bintang.users7950@yopmail.com,Bintang Regis 8049,3000000000007949,01-01-2001,Surabaya,0
bintang.users7951@yopmail.com,Bintang Regis 8050,3000000000007950,01-01-2001,Surabaya,0
bintang.users7952@yopmail.com,Bintang Regis 8051,3000000000007951,01-01-2001,Surabaya,0
bintang.users7953@yopmail.com,Bintang Regis 8052,3000000000007952,01-01-2001,Surabaya,0
bintang.users7954@yopmail.com,Bintang Regis 8053,3000000000007953,01-01-2001,Surabaya,0
bintang.users7955@yopmail.com,Bintang Regis 8054,3000000000007954,01-01-2001,Surabaya,0
bintang.users7956@yopmail.com,Bintang Regis 8055,3000000000007955,01-01-2001,Surabaya,0
bintang.users7957@yopmail.com,Bintang Regis 8056,3000000000007956,01-01-2001,Surabaya,0
bintang.users7958@yopmail.com,Bintang Regis 8057,3000000000007957,01-01-2001,Surabaya,0
bintang.users7959@yopmail.com,Bintang Regis 8058,3000000000007958,01-01-2001,Surabaya,0
bintang.users7960@yopmail.com,Bintang Regis 8059,3000000000007959,01-01-2001,Surabaya,0
bintang.users7961@yopmail.com,Bintang Regis 8060,3000000000007960,01-01-2001,Surabaya,0
bintang.users7962@yopmail.com,Bintang Regis 8061,3000000000007961,01-01-2001,Surabaya,0
bintang.users7963@yopmail.com,Bintang Regis 8062,3000000000007962,01-01-2001,Surabaya,0
bintang.users7964@yopmail.com,Bintang Regis 8063,3000000000007963,01-01-2001,Surabaya,0
bintang.users7965@yopmail.com,Bintang Regis 8064,3000000000007964,01-01-2001,Surabaya,0
bintang.users7966@yopmail.com,Bintang Regis 8065,3000000000007965,01-01-2001,Surabaya,0
bintang.users7967@yopmail.com,Bintang Regis 8066,3000000000007966,01-01-2001,Surabaya,0
bintang.users7968@yopmail.com,Bintang Regis 8067,3000000000007967,01-01-2001,Surabaya,0
bintang.users7969@yopmail.com,Bintang Regis 8068,3000000000007968,01-01-2001,Surabaya,0
bintang.users7970@yopmail.com,Bintang Regis 8069,3000000000007969,01-01-2001,Surabaya,0
bintang.users7971@yopmail.com,Bintang Regis 8070,3000000000007970,01-01-2001,Surabaya,0
bintang.users7972@yopmail.com,Bintang Regis 8071,3000000000007971,01-01-2001,Surabaya,0
bintang.users7973@yopmail.com,Bintang Regis 8072,3000000000007972,01-01-2001,Surabaya,0
bintang.users7974@yopmail.com,Bintang Regis 8073,3000000000007973,01-01-2001,Surabaya,0
bintang.users7975@yopmail.com,Bintang Regis 8074,3000000000007974,01-01-2001,Surabaya,0
bintang.users7976@yopmail.com,Bintang Regis 8075,3000000000007975,01-01-2001,Surabaya,0
bintang.users7977@yopmail.com,Bintang Regis 8076,3000000000007976,01-01-2001,Surabaya,0
bintang.users7978@yopmail.com,Bintang Regis 8077,3000000000007977,01-01-2001,Surabaya,0
bintang.users7979@yopmail.com,Bintang Regis 8078,3000000000007978,01-01-2001,Surabaya,0
bintang.users7980@yopmail.com,Bintang Regis 8079,3000000000007979,01-01-2001,Surabaya,0
bintang.users7981@yopmail.com,Bintang Regis 8080,3000000000007980,01-01-2001,Surabaya,0
bintang.users7982@yopmail.com,Bintang Regis 8081,3000000000007981,01-01-2001,Surabaya,0
bintang.users7983@yopmail.com,Bintang Regis 8082,3000000000007982,01-01-2001,Surabaya,0
bintang.users7984@yopmail.com,Bintang Regis 8083,3000000000007983,01-01-2001,Surabaya,0
bintang.users7985@yopmail.com,Bintang Regis 8084,3000000000007984,01-01-2001,Surabaya,0
bintang.users7986@yopmail.com,Bintang Regis 8085,3000000000007985,01-01-2001,Surabaya,0
bintang.users7987@yopmail.com,Bintang Regis 8086,3000000000007986,01-01-2001,Surabaya,0
bintang.users7988@yopmail.com,Bintang Regis 8087,3000000000007987,01-01-2001,Surabaya,0
bintang.users7989@yopmail.com,Bintang Regis 8088,3000000000007988,01-01-2001,Surabaya,0
bintang.users7990@yopmail.com,Bintang Regis 8089,3000000000007989,01-01-2001,Surabaya,0
bintang.users7991@yopmail.com,Bintang Regis 8090,3000000000007990,01-01-2001,Surabaya,0
bintang.users7992@yopmail.com,Bintang Regis 8091,3000000000007991,01-01-2001,Surabaya,0
bintang.users7993@yopmail.com,Bintang Regis 8092,3000000000007992,01-01-2001,Surabaya,0
bintang.users7994@yopmail.com,Bintang Regis 8093,3000000000007993,01-01-2001,Surabaya,0
bintang.users7995@yopmail.com,Bintang Regis 8094,3000000000007994,01-01-2001,Surabaya,0
bintang.users7996@yopmail.com,Bintang Regis 8095,3000000000007995,01-01-2001,Surabaya,0
bintang.users7997@yopmail.com,Bintang Regis 8096,3000000000007996,01-01-2001,Surabaya,0
bintang.users7998@yopmail.com,Bintang Regis 8097,3000000000007997,01-01-2001,Surabaya,0
bintang.users7999@yopmail.com,Bintang Regis 8098,3000000000007998,01-01-2001,Surabaya,0
bintang.users8000@yopmail.com,Bintang Regis 8099,3000000000007999,01-01-2001,Surabaya,0
bintang.users8001@yopmail.com,Bintang Regis 8100,3000000000008000,01-01-2001,Surabaya,0
bintang.users8002@yopmail.com,Bintang Regis 8101,3000000000008001,01-01-2001,Surabaya,0
bintang.users8003@yopmail.com,Bintang Regis 8102,3000000000008002,01-01-2001,Surabaya,0
bintang.users8004@yopmail.com,Bintang Regis 8103,3000000000008003,01-01-2001,Surabaya,0
bintang.users8005@yopmail.com,Bintang Regis 8104,3000000000008004,01-01-2001,Surabaya,0
bintang.users8006@yopmail.com,Bintang Regis 8105,3000000000008005,01-01-2001,Surabaya,0
bintang.users8007@yopmail.com,Bintang Regis 8106,3000000000008006,01-01-2001,Surabaya,0
bintang.users8008@yopmail.com,Bintang Regis 8107,3000000000008007,01-01-2001,Surabaya,0
bintang.users8009@yopmail.com,Bintang Regis 8108,3000000000008008,01-01-2001,Surabaya,0
bintang.users8010@yopmail.com,Bintang Regis 8109,3000000000008009,01-01-2001,Surabaya,0
bintang.users8011@yopmail.com,Bintang Regis 8110,3000000000008010,01-01-2001,Surabaya,0
bintang.users8012@yopmail.com,Bintang Regis 8111,3000000000008011,01-01-2001,Surabaya,0
bintang.users8013@yopmail.com,Bintang Regis 8112,3000000000008012,01-01-2001,Surabaya,0
bintang.users8014@yopmail.com,Bintang Regis 8113,3000000000008013,01-01-2001,Surabaya,0
bintang.users8015@yopmail.com,Bintang Regis 8114,3000000000008014,01-01-2001,Surabaya,0
bintang.users8016@yopmail.com,Bintang Regis 8115,3000000000008015,01-01-2001,Surabaya,0
bintang.users8017@yopmail.com,Bintang Regis 8116,3000000000008016,01-01-2001,Surabaya,0
bintang.users8018@yopmail.com,Bintang Regis 8117,3000000000008017,01-01-2001,Surabaya,0
bintang.users8019@yopmail.com,Bintang Regis 8118,3000000000008018,01-01-2001,Surabaya,0
bintang.users8020@yopmail.com,Bintang Regis 8119,3000000000008019,01-01-2001,Surabaya,0
bintang.users8021@yopmail.com,Bintang Regis 8120,3000000000008020,01-01-2001,Surabaya,0
bintang.users8022@yopmail.com,Bintang Regis 8121,3000000000008021,01-01-2001,Surabaya,0
bintang.users8023@yopmail.com,Bintang Regis 8122,3000000000008022,01-01-2001,Surabaya,0
bintang.users8024@yopmail.com,Bintang Regis 8123,3000000000008023,01-01-2001,Surabaya,0
bintang.users8025@yopmail.com,Bintang Regis 8124,3000000000008024,01-01-2001,Surabaya,0
bintang.users8026@yopmail.com,Bintang Regis 8125,3000000000008025,01-01-2001,Surabaya,0
bintang.users8027@yopmail.com,Bintang Regis 8126,3000000000008026,01-01-2001,Surabaya,0
bintang.users8028@yopmail.com,Bintang Regis 8127,3000000000008027,01-01-2001,Surabaya,0
bintang.users8029@yopmail.com,Bintang Regis 8128,3000000000008028,01-01-2001,Surabaya,0
bintang.users8030@yopmail.com,Bintang Regis 8129,3000000000008029,01-01-2001,Surabaya,0
bintang.users8031@yopmail.com,Bintang Regis 8130,3000000000008030,01-01-2001,Surabaya,0
bintang.users8032@yopmail.com,Bintang Regis 8131,3000000000008031,01-01-2001,Surabaya,0
bintang.users8033@yopmail.com,Bintang Regis 8132,3000000000008032,01-01-2001,Surabaya,0
bintang.users8034@yopmail.com,Bintang Regis 8133,3000000000008033,01-01-2001,Surabaya,0
bintang.users8035@yopmail.com,Bintang Regis 8134,3000000000008034,01-01-2001,Surabaya,0
bintang.users8036@yopmail.com,Bintang Regis 8135,3000000000008035,01-01-2001,Surabaya,0
bintang.users8037@yopmail.com,Bintang Regis 8136,3000000000008036,01-01-2001,Surabaya,0
bintang.users8038@yopmail.com,Bintang Regis 8137,3000000000008037,01-01-2001,Surabaya,0
bintang.users8039@yopmail.com,Bintang Regis 8138,3000000000008038,01-01-2001,Surabaya,0
bintang.users8040@yopmail.com,Bintang Regis 8139,3000000000008039,01-01-2001,Surabaya,0
bintang.users8041@yopmail.com,Bintang Regis 8140,3000000000008040,01-01-2001,Surabaya,0
bintang.users8042@yopmail.com,Bintang Regis 8141,3000000000008041,01-01-2001,Surabaya,0
bintang.users8043@yopmail.com,Bintang Regis 8142,3000000000008042,01-01-2001,Surabaya,0
bintang.users8044@yopmail.com,Bintang Regis 8143,3000000000008043,01-01-2001,Surabaya,0
bintang.users8045@yopmail.com,Bintang Regis 8144,3000000000008044,01-01-2001,Surabaya,0
bintang.users8046@yopmail.com,Bintang Regis 8145,3000000000008045,01-01-2001,Surabaya,0
bintang.users8047@yopmail.com,Bintang Regis 8146,3000000000008046,01-01-2001,Surabaya,0
bintang.users8048@yopmail.com,Bintang Regis 8147,3000000000008047,01-01-2001,Surabaya,0
bintang.users8049@yopmail.com,Bintang Regis 8148,3000000000008048,01-01-2001,Surabaya,0
bintang.users8050@yopmail.com,Bintang Regis 8149,3000000000008049,01-01-2001,Surabaya,0
bintang.users8051@yopmail.com,Bintang Regis 8150,3000000000008050,01-01-2001,Surabaya,0
bintang.users8052@yopmail.com,Bintang Regis 8151,3000000000008051,01-01-2001,Surabaya,0
bintang.users8053@yopmail.com,Bintang Regis 8152,3000000000008052,01-01-2001,Surabaya,0
bintang.users8054@yopmail.com,Bintang Regis 8153,3000000000008053,01-01-2001,Surabaya,0
bintang.users8055@yopmail.com,Bintang Regis 8154,3000000000008054,01-01-2001,Surabaya,0
bintang.users8056@yopmail.com,Bintang Regis 8155,3000000000008055,01-01-2001,Surabaya,0
bintang.users8057@yopmail.com,Bintang Regis 8156,3000000000008056,01-01-2001,Surabaya,0
bintang.users8058@yopmail.com,Bintang Regis 8157,3000000000008057,01-01-2001,Surabaya,0
bintang.users8059@yopmail.com,Bintang Regis 8158,3000000000008058,01-01-2001,Surabaya,0
bintang.users8060@yopmail.com,Bintang Regis 8159,3000000000008059,01-01-2001,Surabaya,0
bintang.users8061@yopmail.com,Bintang Regis 8160,3000000000008060,01-01-2001,Surabaya,0
bintang.users8062@yopmail.com,Bintang Regis 8161,3000000000008061,01-01-2001,Surabaya,0
bintang.users8063@yopmail.com,Bintang Regis 8162,3000000000008062,01-01-2001,Surabaya,0
bintang.users8064@yopmail.com,Bintang Regis 8163,3000000000008063,01-01-2001,Surabaya,0
bintang.users8065@yopmail.com,Bintang Regis 8164,3000000000008064,01-01-2001,Surabaya,0
bintang.users8066@yopmail.com,Bintang Regis 8165,3000000000008065,01-01-2001,Surabaya,0
bintang.users8067@yopmail.com,Bintang Regis 8166,3000000000008066,01-01-2001,Surabaya,0
bintang.users8068@yopmail.com,Bintang Regis 8167,3000000000008067,01-01-2001,Surabaya,0
bintang.users8069@yopmail.com,Bintang Regis 8168,3000000000008068,01-01-2001,Surabaya,0
bintang.users8070@yopmail.com,Bintang Regis 8169,3000000000008069,01-01-2001,Surabaya,0
bintang.users8071@yopmail.com,Bintang Regis 8170,3000000000008070,01-01-2001,Surabaya,0
bintang.users8072@yopmail.com,Bintang Regis 8171,3000000000008071,01-01-2001,Surabaya,0
bintang.users8073@yopmail.com,Bintang Regis 8172,3000000000008072,01-01-2001,Surabaya,0
bintang.users8074@yopmail.com,Bintang Regis 8173,3000000000008073,01-01-2001,Surabaya,0
bintang.users8075@yopmail.com,Bintang Regis 8174,3000000000008074,01-01-2001,Surabaya,0
bintang.users8076@yopmail.com,Bintang Regis 8175,3000000000008075,01-01-2001,Surabaya,0
bintang.users8077@yopmail.com,Bintang Regis 8176,3000000000008076,01-01-2001,Surabaya,0
bintang.users8078@yopmail.com,Bintang Regis 8177,3000000000008077,01-01-2001,Surabaya,0
bintang.users8079@yopmail.com,Bintang Regis 8178,3000000000008078,01-01-2001,Surabaya,0
bintang.users8080@yopmail.com,Bintang Regis 8179,3000000000008079,01-01-2001,Surabaya,0
bintang.users8081@yopmail.com,Bintang Regis 8180,3000000000008080,01-01-2001,Surabaya,0
bintang.users8082@yopmail.com,Bintang Regis 8181,3000000000008081,01-01-2001,Surabaya,0
bintang.users8083@yopmail.com,Bintang Regis 8182,3000000000008082,01-01-2001,Surabaya,0
bintang.users8084@yopmail.com,Bintang Regis 8183,3000000000008083,01-01-2001,Surabaya,0
bintang.users8085@yopmail.com,Bintang Regis 8184,3000000000008084,01-01-2001,Surabaya,0
bintang.users8086@yopmail.com,Bintang Regis 8185,3000000000008085,01-01-2001,Surabaya,0
bintang.users8087@yopmail.com,Bintang Regis 8186,3000000000008086,01-01-2001,Surabaya,0
bintang.users8088@yopmail.com,Bintang Regis 8187,3000000000008087,01-01-2001,Surabaya,0
bintang.users8089@yopmail.com,Bintang Regis 8188,3000000000008088,01-01-2001,Surabaya,0
bintang.users8090@yopmail.com,Bintang Regis 8189,3000000000008089,01-01-2001,Surabaya,0
bintang.users8091@yopmail.com,Bintang Regis 8190,3000000000008090,01-01-2001,Surabaya,0
bintang.users8092@yopmail.com,Bintang Regis 8191,3000000000008091,01-01-2001,Surabaya,0
bintang.users8093@yopmail.com,Bintang Regis 8192,3000000000008092,01-01-2001,Surabaya,0
bintang.users8094@yopmail.com,Bintang Regis 8193,3000000000008093,01-01-2001,Surabaya,0
bintang.users8095@yopmail.com,Bintang Regis 8194,3000000000008094,01-01-2001,Surabaya,0
bintang.users8096@yopmail.com,Bintang Regis 8195,3000000000008095,01-01-2001,Surabaya,0
bintang.users8097@yopmail.com,Bintang Regis 8196,3000000000008096,01-01-2001,Surabaya,0
bintang.users8098@yopmail.com,Bintang Regis 8197,3000000000008097,01-01-2001,Surabaya,0
bintang.users8099@yopmail.com,Bintang Regis 8198,3000000000008098,01-01-2001,Surabaya,0
bintang.users8100@yopmail.com,Bintang Regis 8199,3000000000008099,01-01-2001,Surabaya,0
bintang.users8101@yopmail.com,Bintang Regis 8200,3000000000008100,01-01-2001,Surabaya,0