referenceId,statusCode,responseTimeMs,message,documentId,signId
b6cbf1f6-d469-4973-8e77-9fc25724da5e,200,1326.8666,Success,cf781910-20f8-4ea9-90f5-c4bc2ae4d4ea,9Vk_NhDFP6nL7_LT7lnXhA==
b6cbf1f6-d469-4973-8e77-9fc25724da5e,200,1353.7216,Success,668462b9-9d26-4989-b032-2622887fa19e,ls1gOFMyV4xsV-GX3ohlEg==
b6cbf1f6-d469-4973-8e77-9fc25724da5e,200,1406.5157,Success,b0cacf08-2412-432f-ab00-16e3dae0ee24,6rAOsDEkLVqgp5S1LFHUkg==
b6cbf1f6-d469-4973-8e77-9fc25724da5e,200,1389.8821,Success,1467b4e7-23ce-40f0-9127-369a9735ecc0,L3TxRD9IkyT-7KIcavD5ZQ==
b6cbf1f6-d469-4973-8e77-9fc25724da5e,200,1371.8736,Success,e55ad180-7ce7-4d5a-a95d-76bca8adb1be,di2t2jCs7zBZf85RBGPpkQ==
b6cbf1f6-d469-4973-8e77-9fc25724da5e,200,1417.0063,Success,0a6b1973-b3ea-4850-a0d9-0769a7394b1c,qUqxWCZ5Lx0h--69i7FM6g==
b6cbf1f6-d469-4973-8e77-9fc25724da5e,200,1464.8899,Success,558128c7-ebcc-4e2c-b630-50292fad7522,D2oO4i9cqFnkVyIv0RQzNQ==
b6cbf1f6-d469-4973-8e77-9fc25724da5e,200,1549.4731,Success,070b15c0-c5f5-4b5f-8f95-b76c10c22553,bklpDh7HISSuC1H1Hw81pQ==
b6cbf1f6-d469-4973-8e77-9fc25724da5e,200,1596.0855,Success,2df40f63-69cb-4320-9494-cc557f25ba98,xlSzoJyzuvAJjfyhp2LZ_g==
b6cbf1f6-d469-4973-8e77-9fc25724da5e,200,1623.9682,Success,fb8e7761-7cd0-4f9c-918b-0239b6d24419,EqrhNwRnq0Yh-38oAkAuIg==
b6cbf1f6-d469-4973-8e77-9fc25724da5e,200,1663.4854,Success,14cd8399-f9fc-4fcc-8c2d-deb2843d0d5f,lTqqxgT8wcddJ4Gi5NsWSg==
b6cbf1f6-d469-4973-8e77-9fc25724da5e,200,1796.9009,Success,d6e77929-01bd-42af-93b8-2960a4afafbc,j1Obv_B5kkSquXbwo29eZA==
b6cbf1f6-d469-4973-8e77-9fc25724da5e,200,1873.1543,Success,b6d567d0-8a78-473c-95d3-3217994205da,fqrd_iX7Hl3grFWIEJJ4pA==
b6cbf1f6-d469-4973-8e77-9fc25724da5e,200,1959.3637,Success,ab107b74-461f-40e1-998c-97fba7d9be6a,CSlmKM7IaMQlsi2j9GVuDA==
b6cbf1f6-d469-4973-8e77-9fc25724da5e,200,1928.6689,Success,c3b2cdbb-777d-4f44-aa86-1f7c2e3f8174,gw64NvKIF9DGWNiGR3MY8Q==
b6cbf1f6-d469-4973-8e77-9fc25724da5e,200,2085.9513,Success,38cbb1a2-a22f-4003-98a9-ab02bf042ecf,7hOLn3T7otY6QslE8Yb8kA==
b6cbf1f6-d469-4973-8e77-9fc25724da5e,200,2042.1318,Success,1d86e41a-1498-4a77-b520-90220d30b9b2,R3jGuDAkvsG-Jmw6rQdt-w==
b6cbf1f6-d469-4973-8e77-9fc25724da5e,200,2032.8761,Success,1b6ddb9a-b124-4151-84f5-ea0648a1cc8d,0s9iaH1HswSGjEc2eDTYgQ==
b6cbf1f6-d469-4973-8e77-9fc25724da5e,200,2105.4657,Success,18f3b1f3-ae0d-495d-96dd-be0f81b46ab7,dB65xaRMf7NSWxDltPaiKQ==
b6cbf1f6-d469-4973-8e77-9fc25724da5e,200,2066.1436,Success,b5678ef4-cffa-451f-a36d-c4b182a116c2,dpXkqupHBF8AKvK-lhuqIg==
b6cbf1f6-d469-4973-8e77-9fc25724da5e,200,2077.8845,Success,5563a6ce-ca43-48f8-81b7-55e57640e5f2,rfoleFPze8-_vWsArqIeYQ==
b6cbf1f6-d469-4973-8e77-9fc25724da5e,200,2053.4822,Success,da0b2ecc-910e-4827-9512-955d7bc8f1e2,bTvP9Oh2tWhUhB2hxWGS7g==
b6cbf1f6-d469-4973-8e77-9fc25724da5e,200,2076.8518,Success,65f83d70-7ff8-486e-90f0-d7f85aa2506a,zMsw7jshC-pJBCXjXQ4HPA==
b6cbf1f6-d469-4973-8e77-9fc25724da5e,200,2122.6981,Success,d8513b40-ee6c-454b-ac11-766535a02367,GN5AWwBQYaHPahHcy4HJSA==
b6cbf1f6-d469-4973-8e77-9fc25724da5e,200,2145.989,Success,0d847fc1-10d4-4abc-aacc-b7b92c74c8a6,jOlPmiLTT0jFnXMRn052Jg==
b6cbf1f6-d469-4973-8e77-9fc25724da5e,200,2102.7615,Success,7aea394a-7bfa-4334-91dc-5c97dcb597c3,XTAkIDUVeP9mRjSjY45E9w==
b6cbf1f6-d469-4973-8e77-9fc25724da5e,200,2185.3697,Success,c9800329-5165-4f67-9e28-8a1b5f03d6fd,SVus4IV0cH0N9lbQCnAbGg==
b6cbf1f6-d469-4973-8e77-9fc25724da5e,200,2154.9874,Success,4bcc9db0-74d6-470e-b205-c8556d453e56,nmd0SdX42b1S8h8LVW8--w==
b6cbf1f6-d469-4973-8e77-9fc25724da5e,200,2166.9824,Success,b863cc04-a82b-4c81-bcc1-3ac1160e64e3,CJtBwdrQqsQnkGMM2O-vqA==
b6cbf1f6-d469-4973-8e77-9fc25724da5e,200,2144.5982,Success,dcee2bec-2696-4b7b-89be-daeb2a8dc1db,JtNUhrbCJH3Npwz4fOzsQw==
b6cbf1f6-d469-4973-8e77-9fc25724da5e,200,2176.3083,Success,9801ae09-3fa8-4909-8a3a-66a889e00d72,vFX1DDbRQd9771o_lJAGUQ==
b6cbf1f6-d469-4973-8e77-9fc25724da5e,200,2166.2366,Success,ab12953c-69de-4522-bdc8-d657dfd3446d,ikghk9ojiEPFowPxDx5FNw==
b6cbf1f6-d469-4973-8e77-9fc25724da5e,200,2250.2219,Success,bac57961-0107-4635-827b-18f3f4a7f67f,kFFkty5zgzucyor0VZPMKQ==
b6cbf1f6-d469-4973-8e77-9fc25724da5e,200,2195.5329,Success,70edb93e-1276-458d-8016-17a402cdccc6,Nit-E_5XrOeZzIzjKjoWHA==
b6cbf1f6-d469-4973-8e77-9fc25724da5e,200,2249.7063,Success,dd507439-244a-425b-8eb5-489c86d050ce,d2tnjkASsvw3ir4eT6EcTQ==
b6cbf1f6-d469-4973-8e77-9fc25724da5e,200,2246.71,Success,4110fdd0-cd3f-4e26-b79a-3496f10f3d2a,R79Ulc9EZ__v8NiuwrYH3w==
b6cbf1f6-d469-4973-8e77-9fc25724da5e,200,2202.7598,Success,8e99f4ee-d9e7-47ab-a491-4e82ad6fffac,DXgUsoY260sgc6CJWn668Q==
b6cbf1f6-d469-4973-8e77-9fc25724da5e,200,2301.064,Success,7d97a92d-635b-4bd3-a0bd-0b5ee16f5397,uO31uASkHIXYCCrHnShnHw==
b6cbf1f6-d469-4973-8e77-9fc25724da5e,200,2249.1685,Success,123605ba-3353-47f0-a57b-294f4f4ed786,IchUzo_hlqpt1GgTEniwEw==
b6cbf1f6-d469-4973-8e77-9fc25724da5e,200,2212.541,Success,211920db-0a0b-4bee-a9ec-79c18e0d3aa9,i6PGEmJZi-TFwj1SACVbgg==
b6cbf1f6-d469-4973-8e77-9fc25724da5e,200,2219.7243,Success,76c750a3-e5a0-46d2-98c8-4661c132b591,JLuHE-XXZGi1F8VyVXk9lA==
b6cbf1f6-d469-4973-8e77-9fc25724da5e,200,2257.54,Success,76a9317f-1da9-40bd-bdc5-24f21ac2e996,q4EQ7GpRH108IAMEroodyA==
b6cbf1f6-d469-4973-8e77-9fc25724da5e,200,2321.0535,Success,87f878aa-89c8-4fef-8732-b04710ba6f6b,t2BKBF_iexNYMElEjIcLLA==
b6cbf1f6-d469-4973-8e77-9fc25724da5e,200,2260.6505,Success,cd000c06-6e49-4cbc-9c6e-fda459b5646f,oNeBo4o5shw2ugNGibY6LQ==
b6cbf1f6-d469-4973-8e77-9fc25724da5e,200,2247.5046,Success,e0758df0-97b7-4605-9a5e-49dd3a17f29f,NDIM2uToMagkX5a5i9-ZUw==
