email,serverKey,clientId,userid,specimenId,pdfName,otp,location
bola.sysadmin@yopmail.com,a2V5NjI3MzQ1MWEtOTljOS00OTYzLTg0MDQtYzhkNGRlYTI1MTBh,Y2lkMzc2NGY0ZWItM2VjYi00ZTkwLTg1MTQtZjk3NGI2Y2YyYjQz,6fa82cc9-27db-4e8e-a981-b30496c3187d,86ea8fe5-e43b-442e-8b60-f9fd004de565,satusajalagi.pdf,000000,Surabaya
admin.barat@yopmail.com,a2V5YmRhZWRiZGItZWU1My00OWVjLThlODktMzYyODUzZjA1NmU4,Y2lkZGFlYzA2ZDMtNjBhZS00MjEzLWE1NDMtNTQ5Njk1NTMyOWEw,fa8dc4bc-9b27-45b3-8fcc-0f8b9ff91391,86b04430-b423-4ce8-b230-7e863ab567f8,satusajalagi.pdf,000000,Surabaya
gina.barat@yopmail.com,a2V5YmRhZWRiZGItZWU1My00OWVjLThlODktMzYyODUzZjA1NmU4,Y2lkZGFlYzA2ZDMtNjBhZS00MjEzLWE1NDMtNTQ5Njk1NTMyOWEw,d0f48890-d16c-4f48-8c65-b30574152ec8,95436c72-5ffc-402d-8785-1ad7633a777c,satusajalagi.pdf,000000,Surabaya
nana_barat@yopmail.com,a2V5YmRhZWRiZGItZWU1My00OWVjLThlODktMzYyODUzZjA1NmU4,Y2lkZGFlYzA2ZDMtNjBhZS00MjEzLWE1NDMtNTQ5Njk1NTMyOWEw,aee80da1-e9e8-4829-9162-ff90b57da804,7a132384-13e9-4633-adfd-5e496d15b471,satusajalagi.pdf,000000,Surabaya
sysadminprita5@yopmail.com,a2V5ZDQwNWRjZjMtM2JmNi00Yzk4LTk4NDctNmIxMWY2MjhkNzZl,Y2lkNTlhYzJkNTgtMDRmMC00NDI5LWJiODYtODI5MWFhMTZmZjEy,9419a327-65dd-4ab5-a8b6-479206bf5e59,7138dde1-9a35-4a5d-ab94-308cca512edf,satusajalagi.pdf,000000,Surabaya
fay00533@yopmail.com,a2V5ZDQwNWRjZjMtM2JmNi00Yzk4LTk4NDctNmIxMWY2MjhkNzZl,Y2lkNTlhYzJkNTgtMDRmMC00NDI5LWJiODYtODI5MWFhMTZmZjEy,e71f3eec-819e-4e55-9b63-3272655943d7,26e44178-f4ad-47ee-8f93-acc37a0e4c1d,satusajalagi.pdf,000000,Surabaya
fay00222@yopmail.com,a2V5ZDQwNWRjZjMtM2JmNi00Yzk4LTk4NDctNmIxMWY2MjhkNzZl,Y2lkNTlhYzJkNTgtMDRmMC00NDI5LWJiODYtODI5MWFhMTZmZjEy,a266c7f0-73bd-4d7b-a1be-a610eef292cd,97506e13-be1d-4dbb-82ed-c369cbe61721,satusajalagi.pdf,000000,Surabaya
starry.admin@yopmail.com,a2V5MDYwYTA4NDMtZjRiNi00YTJmLWIzYTMtM2ZkYTE3ZGM5MzJj,Y2lkOTQ2YzhiMjYtZjdkNy00NmYzLTk1YmUtZjcxMDAzZDQ1YjI4,b6cbf1f6-d469-4973-8e77-9fc25724da5e,df83bb17-add6-4677-89d6-395d2e5d2965,satusajalagi.pdf,000000,Surabaya
sari.starry@yopmail.com,a2V5MDYwYTA4NDMtZjRiNi00YTJmLWIzYTMtM2ZkYTE3ZGM5MzJj,Y2lkOTQ2YzhiMjYtZjdkNy00NmYzLTk1YmUtZjcxMDAzZDQ1YjI4,eae55455-4fbd-499e-9cba-da41ae38484a,3a1b247f-17aa-42d7-aa31-37de00081062,satusajalagi.pdf,000000,Surabaya
aryad.starry@yopmail.com,a2V5MDYwYTA4NDMtZjRiNi00YTJmLWIzYTMtM2ZkYTE3ZGM5MzJj,Y2lkOTQ2YzhiMjYtZjdkNy00NmYzLTk1YmUtZjcxMDAzZDQ1YjI4,68dd4e9d-e1d6-4b09-9130-ff7754834ab2,5f7b125f-2a49-49af-bfa2-f9b38d73d550,satusajalagi.pdf,000000,Surabaya
